,Date,-2_sent,-1_sent,0_sent,1_sent,2_sent,N,S,H,A,F
0,2022-06-02,710.0,4686.0,1072.0,1512.0,78.0,1072.0,527.0,1590.0,2618.0,2251.0
1,2022-06-01,2013.0,14136.0,3430.0,5594.0,300.0,3430.0,1558.0,5894.0,7832.0,6759.0
2,2022-05-31,1959.0,14878.0,3786.0,5464.0,225.0,3786.0,1675.0,5689.0,7904.0,7258.0
3,2022-05-30,1625.0,11247.0,2787.0,4232.0,159.0,2787.0,1328.0,4391.0,6219.0,5325.0
4,2022-05-29,1574.0,11353.0,2680.0,4383.0,183.0,2680.0,1399.0,4566.0,6208.0,5320.0
5,2022-05-28,1766.0,11534.0,2462.0,4040.0,199.0,2462.0,1426.0,4239.0,6457.0,5417.0
6,2022-05-27,1874.0,13529.0,3353.0,5288.0,231.0,3353.0,1408.0,5519.0,7309.0,6686.0
7,2022-05-26,2210.0,14349.0,3242.0,5124.0,248.0,3242.0,1481.0,5372.0,7626.0,7452.0
8,2022-05-25,2845.0,15105.0,3456.0,4897.0,179.0,3456.0,1639.0,5076.0,8472.0,7839.0
9,2022-05-24,2622.0,17041.0,3795.0,6078.0,243.0,3795.0,1882.0,6321.0,8944.0,8837.0
10,2022-05-23,2344.0,17334.0,4278.0,6913.0,237.0,4278.0,1889.0,7150.0,9097.0,8692.0
11,2022-05-22,1898.0,14253.0,3067.0,4209.0,203.0,3067.0,1634.0,4412.0,7834.0,6683.0
12,2022-05-21,1899.0,13958.0,3060.0,5140.0,222.0,3060.0,1654.0,5362.0,7471.0,6732.0
13,2022-05-20,2375.0,18424.0,4427.0,6741.0,295.0,4427.0,2114.0,7036.0,9758.0,8927.0
14,2022-05-19,2572.0,19848.0,4455.0,6932.0,274.0,4455.0,1951.0,7206.0,10434.0,10035.0
15,2022-05-18,2566.0,19415.0,4825.0,7556.0,281.0,4825.0,2043.0,7837.0,10062.0,9876.0
16,2022-05-17,2683.0,20365.0,5308.0,9128.0,259.0,5308.0,2094.0,9387.0,11092.0,9862.0
17,2022-05-16,2422.0,17511.0,3934.0,5726.0,197.0,3934.0,1985.0,5923.0,8789.0,9159.0
18,2022-05-15,1825.0,12232.0,2419.0,3866.0,155.0,2419.0,1370.0,4021.0,6829.0,5858.0
19,2022-05-14,2202.0,15639.0,3067.0,4415.0,228.0,3067.0,1867.0,4643.0,8763.0,7211.0
20,2022-05-13,2784.0,20858.0,4609.0,6560.0,250.0,4609.0,2319.0,6810.0,11118.0,10205.0
21,2022-05-12,2786.0,22780.0,4837.0,7086.0,288.0,4837.0,2670.0,7374.0,11399.0,11497.0
22,2022-05-11,2558.0,20055.0,4492.0,7192.0,309.0,4492.0,2009.0,7501.0,11417.0,9187.0
23,2022-05-10,2546.0,20378.0,4430.0,6679.0,246.0,4430.0,2105.0,6925.0,11198.0,9621.0
24,2022-05-09,2187.0,16679.0,3858.0,6231.0,247.0,3858.0,1813.0,6478.0,9016.0,8037.0
25,2022-05-08,1638.0,11278.0,2624.0,4094.0,176.0,2624.0,1269.0,4270.0,6411.0,5236.0
26,2022-05-07,1835.0,14249.0,2917.0,4654.0,211.0,2917.0,1618.0,4865.0,7520.0,6946.0
27,2022-05-06,2174.0,19069.0,4112.0,6437.0,351.0,4112.0,2224.0,6788.0,9195.0,9824.0
28,2022-05-05,2250.0,19441.0,4091.0,6093.0,250.0,4091.0,2004.0,6343.0,9292.0,10395.0
29,2022-05-04,2014.0,16797.0,3886.0,6316.0,245.0,3886.0,1596.0,6561.0,9110.0,8105.0
30,2022-05-03,636.0,5247.0,1125.0,1744.0,81.0,1125.0,496.0,1825.0,3110.0,2277.0
31,2022-05-02,21.0,205.0,75.0,166.0,11.0,75.0,15.0,177.0,124.0,87.0
32,2022-05-01,22.0,237.0,67.0,136.0,11.0,67.0,15.0,147.0,159.0,85.0
33,2022-04-30,12.0,278.0,78.0,172.0,12.0,78.0,19.0,184.0,163.0,108.0
34,2022-04-29,307.0,2438.0,674.0,931.0,55.0,674.0,306.0,986.0,1387.0,1052.0
35,2022-04-28,2361.0,20257.0,5067.0,7768.0,288.0,5067.0,1987.0,8056.0,10947.0,9684.0
36,2022-04-27,2405.0,20501.0,4933.0,7358.0,268.0,4933.0,1842.0,7626.0,10886.0,10178.0
37,2022-04-26,2464.0,22025.0,5696.0,9428.0,273.0,5696.0,2001.0,9701.0,11729.0,10759.0
38,2022-04-25,1974.0,15748.0,3752.0,6262.0,248.0,3752.0,1675.0,6510.0,8091.0,7956.0
39,2022-04-24,1770.0,12801.0,2615.0,4109.0,186.0,2615.0,1570.0,4295.0,6853.0,6148.0
40,2022-04-23,1693.0,12739.0,2857.0,4776.0,193.0,2857.0,1440.0,4969.0,6769.0,6223.0
41,2022-04-22,1858.0,15794.0,3874.0,5941.0,258.0,3874.0,1558.0,6199.0,8253.0,7841.0
42,2022-04-21,2667.0,20159.0,4246.0,6378.0,243.0,4246.0,1974.0,6621.0,11288.0,9564.0
43,2022-04-20,3350.0,24986.0,5245.0,7194.0,263.0,5245.0,2428.0,7457.0,14668.0,11240.0
44,2022-04-19,4715.0,31557.0,5982.0,8589.0,323.0,5982.0,3037.0,8912.0,18331.0,14904.0
45,2022-04-18,2340.0,18021.0,4194.0,6473.0,236.0,4194.0,1984.0,6709.0,9676.0,8701.0
46,2022-04-17,1519.0,10740.0,2393.0,4715.0,173.0,2393.0,1141.0,4888.0,5920.0,5198.0
47,2022-04-16,1747.0,12112.0,2944.0,4461.0,176.0,2944.0,1365.0,4637.0,6826.0,5668.0
48,2022-04-15,2037.0,15408.0,4055.0,6618.0,242.0,4055.0,1553.0,6860.0,8190.0,7702.0
49,2022-04-14,2103.0,16528.0,3997.0,6923.0,278.0,3997.0,1727.0,7201.0,8882.0,8022.0
50,2022-04-13,2686.0,19205.0,4297.0,6659.0,253.0,4297.0,2150.0,6912.0,10526.0,9215.0
51,2022-04-12,2911.0,20979.0,4658.0,6483.0,212.0,4658.0,2114.0,6695.0,11993.0,9783.0
52,2022-04-11,2626.0,19886.0,4567.0,7407.0,217.0,4567.0,1903.0,7624.0,10916.0,9693.0
53,2022-04-10,2095.0,14842.0,3109.0,4580.0,178.0,3109.0,1469.0,4758.0,8442.0,7026.0
54,2022-04-09,1785.0,13503.0,3020.0,4806.0,193.0,3020.0,1351.0,4999.0,7464.0,6473.0
55,2022-04-08,2188.0,17628.0,4734.0,7314.0,257.0,4734.0,1723.0,7571.0,9479.0,8614.0
56,2022-04-07,2191.0,19577.0,5127.0,9437.0,321.0,5127.0,1967.0,9758.0,10532.0,9269.0
57,2022-04-06,1980.0,17744.0,4467.0,6714.0,251.0,4467.0,1796.0,6965.0,9391.0,8537.0
58,2022-04-05,2231.0,16149.0,4197.0,6612.0,209.0,4197.0,1674.0,6821.0,8888.0,7818.0
59,2022-04-04,2220.0,15894.0,3985.0,6271.0,250.0,3985.0,1738.0,6521.0,8514.0,7862.0
60,2022-04-03,1560.0,12160.0,2659.0,3916.0,161.0,2659.0,1316.0,4077.0,6756.0,5648.0
61,2022-04-02,1538.0,12426.0,2862.0,4764.0,210.0,2862.0,1301.0,4974.0,6860.0,5803.0
62,2022-04-01,1927.0,16485.0,3967.0,6730.0,293.0,3967.0,1679.0,7023.0,8460.0,8273.0
63,2022-03-31,2095.0,18254.0,4926.0,7258.0,290.0,4926.0,1773.0,7548.0,9475.0,9101.0
64,2022-03-30,2104.0,19555.0,5182.0,8063.0,355.0,5182.0,1840.0,8418.0,9959.0,9860.0
65,2022-03-29,2039.0,17532.0,5177.0,8316.0,247.0,5177.0,1895.0,8563.0,9160.0,8516.0
66,2022-03-28,1842.0,16346.0,4460.0,6919.0,279.0,4460.0,1680.0,7198.0,8230.0,8278.0
67,2022-03-27,1604.0,12960.0,2972.0,4407.0,172.0,2972.0,1468.0,4579.0,7194.0,5902.0
68,2022-03-26,1779.0,15527.0,3689.0,5762.0,196.0,3689.0,1858.0,5958.0,8421.0,7027.0
69,2022-03-25,1873.0,16647.0,4424.0,6668.0,260.0,4424.0,1801.0,6928.0,8524.0,8195.0
70,2022-03-24,2207.0,17962.0,4348.0,6949.0,250.0,4348.0,1882.0,7199.0,9375.0,8912.0
71,2022-03-23,2553.0,21427.0,5244.0,8278.0,248.0,5244.0,2166.0,8526.0,11113.0,10701.0
72,2022-03-22,2276.0,19763.0,4744.0,7855.0,213.0,4744.0,2048.0,8068.0,10055.0,9936.0
73,2022-03-21,2128.0,17385.0,4378.0,6665.0,235.0,4378.0,1941.0,6900.0,8912.0,8660.0
74,2022-03-20,2088.0,15051.0,3525.0,4715.0,183.0,3525.0,1660.0,4898.0,8421.0,7058.0
75,2022-03-19,1990.0,14895.0,3398.0,4881.0,227.0,3398.0,1465.0,5108.0,8191.0,7229.0
76,2022-03-18,2211.0,19096.0,4782.0,7376.0,305.0,4782.0,1824.0,7681.0,9976.0,9507.0
77,2022-03-17,2367.0,18872.0,4935.0,7489.0,344.0,4935.0,1956.0,7833.0,9941.0,9342.0
78,2022-03-16,2367.0,20575.0,5208.0,7147.0,239.0,5208.0,2052.0,7386.0,11102.0,9788.0
79,2022-03-15,2750.0,23358.0,5743.0,8288.0,262.0,5743.0,2402.0,8550.0,12146.0,11560.0
80,2022-03-14,2632.0,22918.0,5408.0,8356.0,299.0,5408.0,2320.0,8655.0,11543.0,11687.0
81,2022-03-13,2083.0,16333.0,3920.0,6116.0,229.0,3920.0,1747.0,6345.0,9346.0,7323.0
82,2022-03-12,1946.0,15078.0,3527.0,5175.0,200.0,3527.0,1674.0,5375.0,8420.0,6930.0
83,2022-03-11,2448.0,20388.0,4973.0,7552.0,283.0,4973.0,1994.0,7835.0,10638.0,10204.0
84,2022-03-10,2499.0,20947.0,5116.0,7423.0,255.0,5116.0,2120.0,7678.0,11718.0,9608.0
85,2022-03-09,2625.0,20464.0,4986.0,7427.0,210.0,4986.0,2219.0,7637.0,11583.0,9287.0
86,2022-03-08,2844.0,22212.0,5310.0,8264.0,232.0,5310.0,2154.0,8496.0,12571.0,10331.0
87,2022-03-07,2548.0,20854.0,4910.0,7422.0,224.0,4910.0,2041.0,7646.0,11019.0,10342.0
88,2022-03-06,1973.0,14196.0,2896.0,4260.0,164.0,2896.0,1526.0,4424.0,8369.0,6274.0
89,2022-03-05,1983.0,15251.0,4056.0,5740.0,194.0,4056.0,1613.0,5934.0,8960.0,6661.0
90,2022-03-04,2517.0,20025.0,5362.0,7901.0,301.0,5362.0,2131.0,8202.0,11238.0,9173.0
91,2022-03-03,3330.0,23745.0,5601.0,8255.0,247.0,5601.0,2420.0,8502.0,14124.0,10531.0
92,2022-03-02,4013.0,29723.0,7165.0,10455.0,320.0,7165.0,3130.0,10775.0,18729.0,11877.0
93,2022-03-01,3023.0,22330.0,6042.0,8793.0,256.0,6042.0,2251.0,9049.0,12919.0,10183.0
94,2022-02-28,2733.0,20920.0,5479.0,7682.0,235.0,5479.0,2133.0,7917.0,11527.0,9993.0
95,2022-02-27,1909.0,14366.0,3894.0,5067.0,155.0,3894.0,1531.0,5222.0,8340.0,6404.0
96,2022-02-26,2053.0,15102.0,4334.0,5979.0,176.0,4334.0,1616.0,6155.0,8418.0,7121.0
97,2022-02-25,2378.0,19113.0,5591.0,7925.0,254.0,5591.0,1950.0,8179.0,9929.0,9612.0
98,2022-02-24,3043.0,22317.0,5994.0,8345.0,234.0,5994.0,2516.0,8579.0,12084.0,10760.0
99,2022-02-23,2602.0,22132.0,6241.0,8678.0,283.0,6241.0,2136.0,8961.0,11512.0,11086.0
100,2022-02-22,2384.0,20558.0,5804.0,8522.0,279.0,5804.0,1952.0,8801.0,10752.0,10238.0
101,2022-02-21,2558.0,20552.0,5669.0,8262.0,258.0,5669.0,2051.0,8520.0,11258.0,9801.0
102,2022-02-20,2543.0,19331.0,5407.0,8657.0,226.0,5407.0,2020.0,8883.0,10599.0,9255.0
103,2022-02-19,2498.0,18374.0,4565.0,6242.0,223.0,4565.0,1911.0,6465.0,10016.0,8945.0
104,2022-02-18,3297.0,25184.0,6367.0,9283.0,311.0,6367.0,2615.0,9594.0,13603.0,12263.0
105,2022-02-17,3223.0,25464.0,7245.0,9781.0,326.0,7245.0,2432.0,10107.0,13331.0,12924.0
106,2022-02-16,3208.0,26181.0,8767.0,10309.0,318.0,8767.0,2607.0,10627.0,14054.0,12728.0
107,2022-02-15,3267.0,24486.0,6407.0,9540.0,316.0,6407.0,2497.0,9856.0,13418.0,11838.0
108,2022-02-14,2659.0,21920.0,6290.0,9501.0,384.0,6290.0,2333.0,9885.0,12061.0,10185.0
109,2022-02-13,2884.0,20357.0,4753.0,6441.0,259.0,4753.0,1978.0,6700.0,11941.0,9322.0
110,2022-02-12,3143.0,23597.0,5873.0,8125.0,232.0,5873.0,2473.0,8357.0,13190.0,11077.0
111,2022-02-11,3913.0,30709.0,8082.0,11064.0,385.0,8082.0,3062.0,11449.0,16394.0,15166.0
112,2022-02-10,4374.0,32767.0,8238.0,11262.0,361.0,8238.0,3160.0,11623.0,18216.0,15765.0
113,2022-02-09,5053.0,37625.0,9045.0,12011.0,316.0,9045.0,3759.0,12327.0,20919.0,18000.0
114,2022-02-08,4475.0,33060.0,8659.0,11773.0,348.0,8659.0,3370.0,12121.0,18732.0,15433.0
115,2022-02-07,3817.0,29339.0,7574.0,10641.0,306.0,7574.0,2909.0,10947.0,16252.0,13995.0
116,2022-02-06,3444.0,22821.0,5247.0,7091.0,251.0,5247.0,2437.0,7342.0,13621.0,10207.0
117,2022-02-05,3411.0,24764.0,5934.0,8273.0,305.0,5934.0,2567.0,8578.0,14115.0,11493.0
118,2022-02-04,4072.0,31653.0,7898.0,11330.0,411.0,7898.0,3183.0,11741.0,17407.0,15135.0
119,2022-02-03,4374.0,34635.0,8444.0,12158.0,365.0,8444.0,3617.0,12523.0,19231.0,16161.0
120,2022-02-02,4254.0,35018.0,8434.0,11761.0,378.0,8434.0,3991.0,12139.0,18815.0,16466.0
121,2022-02-01,3625.0,28883.0,6744.0,10301.0,300.0,6744.0,2857.0,10601.0,15912.0,13739.0
122,2022-01-31,4857.0,36974.0,9050.0,14238.0,382.0,9050.0,3930.0,14620.0,21603.0,16298.0
123,2022-01-30,4092.0,29115.0,6633.0,9027.0,304.0,6633.0,3305.0,9331.0,17811.0,12091.0
124,2022-01-29,4419.0,32315.0,7854.0,10732.0,342.0,7854.0,3914.0,11074.0,19204.0,13616.0
125,2022-01-28,4861.0,36844.0,9226.0,13882.0,452.0,9226.0,3802.0,14334.0,21123.0,16780.0
126,2022-01-27,5351.0,40567.0,9813.0,14134.0,426.0,9813.0,3844.0,14560.0,23212.0,18862.0
127,2022-01-26,5846.0,42621.0,9621.0,14885.0,476.0,9621.0,4465.0,15361.0,23428.0,20574.0
128,2022-01-25,6163.0,45219.0,10453.0,15387.0,450.0,10453.0,4497.0,15837.0,24871.0,22014.0
129,2022-01-24,5596.0,40341.0,9909.0,13780.0,395.0,9909.0,4528.0,14175.0,22538.0,18871.0
130,2022-01-23,5204.0,33826.0,7365.0,10018.0,335.0,7365.0,3976.0,10353.0,19889.0,15165.0
131,2022-01-22,5302.0,35966.0,7919.0,11674.0,370.0,7919.0,4212.0,12044.0,20626.0,16430.0
132,2022-01-21,6425.0,45626.0,11018.0,16364.0,504.0,11018.0,5726.0,16868.0,24952.0,21373.0
133,2022-01-20,6121.0,45179.0,11420.0,17023.0,526.0,11420.0,5018.0,17549.0,24582.0,21700.0
134,2022-01-19,6943.0,51665.0,13185.0,21010.0,567.0,13185.0,5220.0,21577.0,29274.0,24114.0
135,2022-01-18,6304.0,48083.0,14075.0,24325.0,727.0,14075.0,4972.0,25052.0,26508.0,22907.0
136,2022-01-17,5291.0,37461.0,8326.0,12040.0,400.0,8326.0,4022.0,12440.0,21097.0,17633.0
137,2022-01-16,5560.0,37462.0,7725.0,11548.0,407.0,7725.0,4108.0,11955.0,22306.0,16608.0
138,2022-01-15,6158.0,41185.0,9629.0,13989.0,487.0,9629.0,4550.0,14476.0,24180.0,18613.0
139,2022-01-14,8517.0,59371.0,13173.0,20577.0,558.0,13173.0,6229.0,21135.0,34064.0,27595.0
140,2022-01-13,9269.0,68640.0,15883.0,22694.0,592.0,15883.0,7071.0,23286.0,38705.0,32133.0
141,2022-01-12,9517.0,68019.0,15122.0,21377.0,634.0,15122.0,7115.0,22011.0,37921.0,32500.0
142,2022-01-11,10515.0,73658.0,16275.0,22832.0,594.0,16275.0,7774.0,23426.0,40975.0,35424.0
143,2022-01-10,9914.0,66994.0,15286.0,21487.0,613.0,15286.0,7180.0,22100.0,37713.0,32015.0
144,2022-01-09,8317.0,53152.0,11175.0,14530.0,447.0,11175.0,5754.0,14977.0,30665.0,25050.0
145,2022-01-08,9199.0,59400.0,12154.0,15741.0,498.0,12154.0,6238.0,16239.0,34106.0,28255.0
146,2022-01-07,10009.0,67322.0,15183.0,21859.0,628.0,15183.0,7353.0,22487.0,38305.0,31673.0
147,2022-01-06,10849.0,72431.0,16960.0,23657.0,619.0,16960.0,8343.0,24276.0,40046.0,34891.0
148,2022-01-05,12523.0,82885.0,18060.0,25471.0,591.0,18060.0,8909.0,26062.0,46387.0,40112.0
149,2022-01-04,12314.0,80631.0,17745.0,25077.0,747.0,17745.0,8774.0,25824.0,44540.0,39631.0
150,2022-01-03,9313.0,63470.0,14368.0,21264.0,663.0,14368.0,7072.0,21927.0,34986.0,30725.0
151,2022-01-02,7709.0,49857.0,10845.0,14271.0,630.0,10845.0,5895.0,14901.0,29499.0,22172.0
152,2022-01-01,6764.0,45284.0,10288.0,17873.0,1476.0,10288.0,5951.0,19349.0,26692.0,19405.0
153,2021-12-31,10445.0,70224.0,15764.0,24270.0,1294.0,15764.0,8702.0,25564.0,40447.0,31520.0
154,2021-12-30,11976.0,79872.0,17982.0,25862.0,782.0,17982.0,9300.0,26644.0,44628.0,37920.0
155,2021-12-29,11823.0,77867.0,17511.0,23791.0,591.0,17511.0,9081.0,24382.0,44378.0,36231.0
156,2021-12-28,12523.0,80991.0,17735.0,22930.0,523.0,17735.0,10041.0,23453.0,47521.0,35952.0
157,2021-12-27,9271.0,62846.0,13300.0,18284.0,527.0,13300.0,8660.0,18811.0,34602.0,28855.0
158,2021-12-26,5906.0,38830.0,8642.0,12953.0,575.0,8642.0,6227.0,13528.0,21747.0,16762.0
159,2021-12-25,5046.0,32157.0,8078.0,14939.0,1094.0,8078.0,5672.0,16033.0,17710.0,13821.0
160,2021-12-24,7960.0,52042.0,12235.0,19620.0,940.0,12235.0,7506.0,20560.0,29295.0,23201.0
161,2021-12-23,8732.0,63696.0,15714.0,22972.0,763.0,15714.0,7613.0,23735.0,34990.0,29825.0
162,2021-12-22,9934.0,74436.0,17968.0,26684.0,854.0,17968.0,8790.0,27538.0,40969.0,34611.0
163,2021-12-21,9832.0,72129.0,17804.0,24773.0,686.0,17804.0,7716.0,25459.0,40057.0,34188.0
164,2021-12-20,8431.0,61753.0,14571.0,21821.0,543.0,14571.0,6980.0,22364.0,34239.0,28965.0
165,2021-12-19,7256.0,49831.0,10725.0,14761.0,446.0,10725.0,5927.0,15207.0,28375.0,22785.0
166,2021-12-18,7755.0,53379.0,12526.0,16504.0,486.0,12526.0,6243.0,16990.0,31683.0,23208.0
167,2021-12-17,8602.0,63208.0,15062.0,20013.0,602.0,15062.0,7732.0,20615.0,35791.0,28287.0
168,2021-12-16,6359.0,48744.0,11951.0,16504.0,498.0,11951.0,6081.0,17002.0,26044.0,22978.0
169,2021-12-15,5686.0,46753.0,11228.0,15866.0,468.0,11228.0,5449.0,16334.0,24378.0,22612.0
170,2021-12-14,2959.0,24277.0,5979.0,8159.0,239.0,5979.0,2956.0,8398.0,13184.0,11096.0
171,2021-12-13,4222.0,32420.0,8045.0,11181.0,319.0,8045.0,3570.0,11500.0,17191.0,15881.0
172,2021-12-12,3050.0,21414.0,4751.0,6633.0,250.0,4751.0,2393.0,6883.0,12206.0,9865.0
173,2021-12-11,3175.0,22095.0,4986.0,7102.0,283.0,4986.0,2371.0,7385.0,11937.0,10962.0
174,2021-12-10,4183.0,29548.0,7303.0,11348.0,444.0,7303.0,2881.0,11792.0,15766.0,15084.0
175,2021-12-09,4157.0,32437.0,8209.0,12542.0,492.0,8209.0,2986.0,13034.0,17249.0,16359.0
176,2021-12-08,3825.0,29457.0,8531.0,11175.0,393.0,8531.0,2691.0,11568.0,15740.0,14851.0
177,2021-12-07,3571.0,29248.0,7298.0,11050.0,380.0,7298.0,2694.0,11430.0,15426.0,14699.0
178,2021-12-06,3559.0,28834.0,7171.0,10843.0,328.0,7171.0,2719.0,11171.0,15193.0,14481.0
179,2021-12-05,3114.0,22880.0,4902.0,7166.0,261.0,4902.0,2127.0,7427.0,12502.0,11365.0
180,2021-12-04,3488.0,25732.0,5487.0,7851.0,367.0,5487.0,2450.0,8218.0,14208.0,12562.0
181,2021-12-03,3392.0,28451.0,7101.0,10643.0,355.0,7101.0,2690.0,10998.0,15785.0,13368.0
182,2021-12-02,4739.0,39816.0,9915.0,14158.0,417.0,9915.0,3585.0,14575.0,22804.0,18166.0
183,2021-12-01,4682.0,39850.0,10073.0,15459.0,425.0,10073.0,3488.0,15884.0,21839.0,19205.0
184,2021-11-30,4127.0,34515.0,8803.0,12639.0,424.0,8803.0,3129.0,13063.0,18435.0,17078.0
185,2021-11-29,3705.0,32803.0,8727.0,11825.0,363.0,8727.0,2949.0,12188.0,17581.0,15978.0
186,2021-11-28,3398.0,27673.0,6483.0,8074.0,269.0,6483.0,2368.0,8343.0,16052.0,12651.0
187,2021-11-27,3394.0,29573.0,7020.0,8677.0,269.0,7020.0,2311.0,8946.0,16550.0,14106.0
188,2021-11-26,2779.0,29309.0,8480.0,10711.0,496.0,8480.0,2225.0,11207.0,14406.0,15457.0
189,2021-11-25,1909.0,16915.0,4510.0,7894.0,969.0,4510.0,1894.0,8863.0,8767.0,8163.0
190,2021-11-24,2844.0,25461.0,6375.0,10439.0,560.0,6375.0,2426.0,10999.0,13938.0,11941.0
191,2021-11-23,2579.0,23595.0,6075.0,10382.0,484.0,6075.0,2387.0,10866.0,11544.0,12243.0
192,2021-11-22,2495.0,21892.0,6080.0,9594.0,409.0,6080.0,2219.0,10003.0,10467.0,11701.0
193,2021-11-21,2179.0,18264.0,4573.0,6155.0,290.0,4573.0,1798.0,6445.0,9118.0,9527.0
194,2021-11-20,1981.0,17086.0,4693.0,7461.0,379.0,4693.0,1930.0,7840.0,8169.0,8968.0
195,2021-11-19,2574.0,24954.0,7308.0,12712.0,462.0,7308.0,2252.0,13174.0,11937.0,13339.0
196,2021-11-18,3063.0,26146.0,7282.0,12008.0,442.0,7282.0,2389.0,12450.0,12953.0,13867.0
197,2021-11-17,3310.0,27928.0,7200.0,11861.0,490.0,7200.0,2480.0,12351.0,13774.0,14984.0
198,2021-11-16,2931.0,26627.0,7611.0,11469.0,436.0,7611.0,2534.0,11905.0,13124.0,13900.0
199,2021-11-15,2985.0,24044.0,5722.0,9660.0,359.0,5722.0,2366.0,10019.0,12453.0,12210.0
200,2021-11-14,2944.0,21791.0,4617.0,6257.0,298.0,4617.0,2530.0,6555.0,11767.0,10438.0
201,2021-11-13,2437.0,21313.0,4938.0,7401.0,463.0,4938.0,2117.0,7864.0,10646.0,10987.0
202,2021-11-12,2954.0,25555.0,6205.0,10215.0,481.0,6205.0,2455.0,10696.0,12396.0,13658.0
203,2021-11-11,2721.0,23913.0,6024.0,9325.0,447.0,6024.0,2250.0,9772.0,11745.0,12639.0
204,2021-11-10,3409.0,29978.0,7368.0,11586.0,504.0,7368.0,3011.0,12090.0,15937.0,14439.0
205,2021-11-09,3361.0,30605.0,7533.0,11524.0,497.0,7533.0,2850.0,12021.0,15932.0,15184.0
206,2021-11-08,3327.0,28785.0,7018.0,11079.0,482.0,7018.0,2561.0,11561.0,15381.0,14170.0
207,2021-11-07,2849.0,22591.0,4815.0,7216.0,355.0,4815.0,1956.0,7571.0,13230.0,10254.0
208,2021-11-06,3351.0,26926.0,6040.0,8926.0,460.0,6040.0,2318.0,9386.0,15861.0,12098.0
209,2021-11-05,4115.0,36820.0,9133.0,14143.0,611.0,9133.0,2992.0,14754.0,19648.0,18295.0
210,2021-11-04,3754.0,32898.0,8016.0,14125.0,598.0,8016.0,2882.0,14723.0,16859.0,16911.0
211,2021-11-03,4165.0,33452.0,9407.0,15960.0,675.0,9407.0,3287.0,16635.0,18566.0,15764.0
212,2021-11-02,3288.0,26794.0,7095.0,11147.0,320.0,7095.0,2516.0,11467.0,12721.0,14845.0
213,2021-11-01,3269.0,28480.0,6648.0,10689.0,360.0,6648.0,2723.0,11049.0,13893.0,15133.0
214,2021-10-31,2392.0,18959.0,4205.0,7008.0,278.0,4205.0,1739.0,7286.0,10272.0,9340.0
215,2021-10-30,2461.0,19907.0,4834.0,6953.0,334.0,4834.0,1843.0,7287.0,10508.0,10017.0
216,2021-10-29,3039.0,26209.0,6942.0,11502.0,506.0,6942.0,2256.0,12008.0,13086.0,13906.0
217,2021-10-28,2973.0,26787.0,6322.0,10723.0,392.0,6322.0,2233.0,11115.0,13439.0,14088.0
218,2021-10-27,3253.0,27627.0,7391.0,11459.0,389.0,7391.0,2301.0,11848.0,14195.0,14384.0
219,2021-10-26,3441.0,29124.0,8104.0,12277.0,449.0,8104.0,2691.0,12726.0,14910.0,14964.0
220,2021-10-25,3270.0,27173.0,6808.0,11115.0,374.0,6808.0,2603.0,11489.0,14373.0,13467.0
221,2021-10-24,2410.0,17853.0,3837.0,6229.0,227.0,3837.0,1658.0,6456.0,10135.0,8470.0
222,2021-10-23,2489.0,19392.0,4604.0,6971.0,300.0,4604.0,1785.0,7271.0,10343.0,9753.0
223,2021-10-22,2993.0,25773.0,6936.0,12522.0,378.0,6936.0,2268.0,12900.0,13383.0,13115.0
224,2021-10-21,3582.0,30100.0,7418.0,11329.0,394.0,7418.0,2770.0,11723.0,16299.0,14613.0
225,2021-10-20,4331.0,34081.0,8681.0,12834.0,345.0,8681.0,3151.0,13179.0,18204.0,17057.0
226,2021-10-19,4426.0,35016.0,7634.0,12202.0,371.0,7634.0,3232.0,12573.0,18062.0,18148.0
227,2021-10-18,5811.0,44340.0,7555.0,10481.0,341.0,7555.0,5153.0,10822.0,18179.0,26819.0
228,2021-10-17,2771.0,21346.0,4255.0,6139.0,212.0,4255.0,2047.0,6351.0,11177.0,10893.0
229,2021-10-16,2695.0,22694.0,5172.0,7162.0,275.0,5172.0,2277.0,7437.0,11797.0,11315.0
230,2021-10-15,3453.0,30952.0,7269.0,12175.0,400.0,7269.0,2696.0,12575.0,15890.0,15819.0
231,2021-10-14,4335.0,35130.0,8265.0,12522.0,348.0,8265.0,2987.0,12870.0,19036.0,17442.0
232,2021-10-13,4314.0,34329.0,7898.0,11836.0,405.0,7898.0,2975.0,12241.0,17937.0,17731.0
233,2021-10-12,4241.0,33706.0,7951.0,11277.0,333.0,7951.0,3418.0,11610.0,17253.0,17276.0
234,2021-10-11,3589.0,29756.0,7071.0,10813.0,334.0,7071.0,3137.0,11147.0,14920.0,15288.0
235,2021-10-10,2874.0,21603.0,4627.0,6291.0,232.0,4627.0,1987.0,6523.0,11746.0,10744.0
236,2021-10-09,2748.0,22057.0,5166.0,7174.0,268.0,5166.0,2077.0,7442.0,11726.0,11002.0
237,2021-10-08,3634.0,30106.0,7105.0,10611.0,426.0,7105.0,2858.0,11037.0,15316.0,15566.0
238,2021-10-07,4191.0,35096.0,12435.0,12302.0,455.0,12435.0,3123.0,12757.0,17521.0,18643.0
239,2021-10-06,3895.0,32223.0,7678.0,12082.0,369.0,7678.0,2792.0,12451.0,16402.0,16924.0
240,2021-10-05,3893.0,31780.0,8066.0,16091.0,400.0,8066.0,2938.0,16491.0,16186.0,16549.0
241,2021-10-04,4134.0,31911.0,7129.0,11518.0,350.0,7129.0,3063.0,11868.0,16547.0,16435.0
242,2021-10-03,3460.0,25136.0,4834.0,7171.0,250.0,4834.0,2351.0,7421.0,13603.0,12642.0
243,2021-10-02,3836.0,29471.0,6055.0,8869.0,334.0,6055.0,2737.0,9203.0,15062.0,15508.0
244,2021-10-01,4681.0,40466.0,10358.0,16679.0,548.0,10358.0,3541.0,17227.0,20026.0,21580.0
245,2021-09-30,4669.0,37452.0,8804.0,12758.0,428.0,8804.0,3231.0,13186.0,19438.0,19452.0
246,2021-09-29,5088.0,40361.0,9086.0,12344.0,388.0,9086.0,3430.0,12732.0,21311.0,20708.0
247,2021-09-28,5215.0,39933.0,9050.0,13863.0,436.0,9050.0,3400.0,14299.0,21392.0,20356.0
248,2021-09-27,5185.0,36152.0,8716.0,13895.0,423.0,8716.0,3671.0,14318.0,19161.0,18505.0
249,2021-09-26,3774.0,24070.0,5129.0,7409.0,325.0,5129.0,2680.0,7734.0,13251.0,11913.0
250,2021-09-25,3580.0,25380.0,5813.0,8773.0,325.0,5813.0,2607.0,9098.0,13717.0,12636.0
251,2021-09-24,4432.0,34226.0,8696.0,14398.0,458.0,8696.0,3204.0,14856.0,17322.0,18132.0
252,2021-09-23,5513.0,40917.0,9629.0,14444.0,443.0,9629.0,3851.0,14887.0,20160.0,22419.0
253,2021-09-22,4920.0,37491.0,8782.0,13663.0,404.0,8782.0,3629.0,14067.0,18998.0,19784.0
254,2021-09-21,5005.0,38243.0,8705.0,14153.0,388.0,8705.0,3340.0,14541.0,19292.0,20616.0
255,2021-09-20,5941.0,43743.0,9849.0,17283.0,512.0,9849.0,4149.0,17795.0,22433.0,23102.0
256,2021-09-19,5179.0,33560.0,6514.0,9287.0,292.0,6514.0,3991.0,9579.0,18565.0,16183.0
257,2021-09-18,4674.0,33353.0,6694.0,9201.0,310.0,6694.0,3517.0,9511.0,17627.0,16883.0
258,2021-09-17,6629.0,49823.0,11146.0,15688.0,464.0,11146.0,4737.0,16152.0,25581.0,26134.0
259,2021-09-16,6575.0,49168.0,10736.0,15139.0,448.0,10736.0,4372.0,15587.0,25510.0,25861.0
260,2021-09-15,6315.0,48874.0,10692.0,15404.0,477.0,10692.0,4494.0,15881.0,24742.0,25953.0
261,2021-09-14,6136.0,48950.0,10490.0,14471.0,394.0,10490.0,4444.0,14865.0,25602.0,25040.0
262,2021-09-13,7148.0,50594.0,9885.0,15055.0,437.0,9885.0,4762.0,15492.0,26200.0,26780.0
263,2021-09-12,5030.0,33833.0,6172.0,9625.0,287.0,6172.0,3465.0,9912.0,18303.0,17095.0
264,2021-09-11,6749.0,43105.0,7544.0,10438.0,320.0,7544.0,4638.0,10758.0,23451.0,21765.0
265,2021-09-10,10419.0,72952.0,13732.0,18662.0,529.0,13732.0,6057.0,19191.0,41493.0,35821.0
266,2021-09-09,8011.0,60291.0,12801.0,17342.0,518.0,12801.0,5313.0,17860.0,32580.0,30409.0
267,2021-09-08,7115.0,50979.0,10907.0,15877.0,439.0,10907.0,4739.0,16316.0,27488.0,25867.0
268,2021-09-07,6187.0,46450.0,9668.0,14790.0,426.0,9668.0,4271.0,15216.0,24800.0,23566.0
269,2021-09-06,5032.0,34476.0,6830.0,10214.0,407.0,6830.0,3588.0,10621.0,18811.0,17109.0
270,2021-09-05,5110.0,36570.0,7042.0,10336.0,316.0,7042.0,3692.0,10652.0,19757.0,18231.0
271,2021-09-04,5598.0,39213.0,8057.0,11654.0,390.0,8057.0,3849.0,12044.0,21739.0,19223.0
272,2021-09-03,6186.0,48051.0,11071.0,15798.0,505.0,11071.0,4472.0,16303.0,25272.0,24493.0
273,2021-09-02,7369.0,57105.0,12815.0,16555.0,504.0,12815.0,4807.0,17059.0,31946.0,27721.0
274,2021-09-01,7008.0,53171.0,12179.0,16769.0,464.0,12179.0,5119.0,17233.0,28213.0,26847.0
275,2021-08-31,7058.0,52000.0,11541.0,16679.0,448.0,11541.0,5200.0,17127.0,27210.0,26648.0
276,2021-08-30,7719.0,52545.0,11357.0,16029.0,449.0,11357.0,5541.0,16478.0,28138.0,26585.0
277,2021-08-29,7280.0,43486.0,8452.0,10965.0,331.0,8452.0,4837.0,11296.0,23683.0,22246.0
278,2021-08-28,7123.0,46016.0,9745.0,12087.0,386.0,9745.0,4718.0,12473.0,24593.0,23828.0
279,2021-08-27,8324.0,56996.0,12841.0,17852.0,537.0,12841.0,5551.0,18389.0,29230.0,30539.0
280,2021-08-26,9245.0,61631.0,13160.0,19102.0,539.0,13160.0,6025.0,19641.0,32586.0,32265.0
281,2021-08-25,8519.0,63675.0,14774.0,20497.0,509.0,14774.0,5731.0,21006.0,33292.0,33171.0
282,2021-08-24,8444.0,65242.0,14734.0,22122.0,570.0,14734.0,5729.0,22692.0,34675.0,33282.0
283,2021-08-23,8217.0,62179.0,13689.0,28677.0,719.0,13689.0,5636.0,29396.0,32787.0,31973.0
284,2021-08-22,7255.0,48343.0,9730.0,12984.0,360.0,9730.0,4740.0,13344.0,26515.0,24343.0
285,2021-08-21,7231.0,48950.0,9948.0,14189.0,371.0,9948.0,4325.0,14560.0,27431.0,24425.0
286,2021-08-20,8566.0,58701.0,12538.0,19411.0,542.0,12538.0,5368.0,19953.0,31517.0,30382.0
287,2021-08-19,8046.0,56797.0,13265.0,19439.0,556.0,13265.0,5367.0,19995.0,29214.0,30262.0
288,2021-08-18,8526.0,64227.0,15703.0,22287.0,532.0,15703.0,5664.0,22819.0,33579.0,33510.0
289,2021-08-17,7363.0,59265.0,15986.0,24024.0,561.0,15986.0,5385.0,24585.0,29749.0,31494.0
290,2021-08-16,6044.0,43659.0,10205.0,15920.0,439.0,10205.0,3772.0,16359.0,22080.0,23851.0
291,2021-08-15,5998.0,38162.0,7514.0,11522.0,305.0,7514.0,3328.0,11827.0,20820.0,20012.0
292,2021-08-14,7158.0,48351.0,9732.0,14440.0,429.0,9732.0,4143.0,14869.0,26032.0,25334.0
293,2021-08-13,9045.0,66042.0,14445.0,21890.0,555.0,14445.0,5480.0,22445.0,34260.0,35347.0
294,2021-08-12,10363.0,70604.0,15123.0,21421.0,595.0,15123.0,5619.0,22016.0,38112.0,37236.0
295,2021-08-11,9977.0,69524.0,15139.0,20229.0,542.0,15139.0,5691.0,20771.0,36901.0,36909.0
296,2021-08-10,10247.0,71119.0,14629.0,20769.0,541.0,14629.0,5736.0,21310.0,39331.0,36299.0
297,2021-08-09,8866.0,63641.0,13521.0,20776.0,478.0,13521.0,5110.0,21254.0,34150.0,33247.0
298,2021-08-08,7580.0,50788.0,9768.0,14470.0,373.0,9768.0,4478.0,14843.0,28917.0,24973.0
299,2021-08-07,7324.0,51842.0,10458.0,15995.0,373.0,10458.0,4426.0,16368.0,28979.0,25761.0
300,2021-08-06,8654.0,62643.0,14051.0,19972.0,513.0,14051.0,5254.0,20485.0,34329.0,31714.0
301,2021-08-05,9754.0,68785.0,15478.0,20163.0,563.0,15478.0,5925.0,20726.0,38611.0,34003.0
302,2021-08-04,9786.0,68801.0,15748.0,20388.0,493.0,15748.0,5858.0,20881.0,38962.0,33767.0
303,2021-08-03,8490.0,62704.0,14627.0,19613.0,473.0,14627.0,5368.0,20086.0,33985.0,31841.0
304,2021-08-02,7794.0,59147.0,13592.0,19217.0,474.0,13592.0,4994.0,19691.0,31682.0,30265.0
305,2021-08-01,6934.0,47418.0,9154.0,13499.0,341.0,9154.0,4278.0,13840.0,26495.0,23579.0
306,2021-07-31,7476.0,53019.0,10602.0,13850.0,364.0,10602.0,4533.0,14214.0,29309.0,26653.0
307,2021-07-30,9582.0,69626.0,14103.0,18692.0,480.0,14103.0,5539.0,19172.0,37760.0,35909.0
308,2021-07-29,8237.0,62947.0,14086.0,18896.0,469.0,14086.0,4888.0,19365.0,35376.0,30920.0
309,2021-07-28,7413.0,57645.0,12922.0,17364.0,455.0,12922.0,4726.0,17819.0,31405.0,28927.0
310,2021-07-27,6514.0,51693.0,12533.0,16352.0,408.0,12533.0,4050.0,16760.0,27199.0,26958.0
311,2021-07-26,5484.0,46697.0,11496.0,15699.0,422.0,11496.0,3716.0,16121.0,24087.0,24378.0
312,2021-07-25,4549.0,36461.0,7157.0,9247.0,240.0,7157.0,3038.0,9487.0,20749.0,17223.0
313,2021-07-24,5207.0,42317.0,7936.0,10687.0,330.0,7936.0,3295.0,11017.0,24136.0,20093.0
314,2021-07-23,6546.0,55170.0,11128.0,15917.0,497.0,11128.0,4318.0,16414.0,29825.0,27573.0
315,2021-07-22,7033.0,57319.0,11560.0,16259.0,391.0,11560.0,4494.0,16650.0,30147.0,29711.0
316,2021-07-21,6270.0,51592.0,10735.0,15167.0,388.0,10735.0,4353.0,15555.0,26666.0,26843.0
317,2021-07-20,5951.0,50038.0,11163.0,15701.0,371.0,11163.0,3758.0,16072.0,27682.0,24549.0
318,2021-07-19,4882.0,41075.0,9798.0,15453.0,374.0,9798.0,3207.0,15827.0,21387.0,21363.0
319,2021-07-18,3988.0,30321.0,6644.0,8831.0,267.0,6644.0,2446.0,9098.0,16555.0,15308.0
320,2021-07-17,4656.0,35542.0,7241.0,10091.0,316.0,7241.0,2730.0,10407.0,19857.0,17611.0
321,2021-07-16,4745.0,38530.0,8887.0,12370.0,414.0,8887.0,3076.0,12784.0,20081.0,20118.0
322,2021-07-15,4243.0,35114.0,8324.0,11704.0,429.0,8324.0,2916.0,12133.0,17914.0,18527.0
323,2021-07-14,3908.0,30694.0,7550.0,11578.0,445.0,7550.0,2544.0,12023.0,15058.0,17000.0
324,2021-07-13,3583.0,29086.0,7101.0,10882.0,404.0,7101.0,2163.0,11286.0,14185.0,16321.0
325,2021-07-12,3517.0,27906.0,6571.0,10775.0,356.0,6571.0,2327.0,11131.0,13944.0,15152.0
326,2021-07-11,3143.0,21927.0,4521.0,7159.0,257.0,4521.0,1831.0,7416.0,10331.0,12908.0
327,2021-07-10,2525.0,18805.0,4250.0,6485.0,267.0,4250.0,1614.0,6752.0,9521.0,10195.0
328,2021-07-09,3017.0,26377.0,6591.0,10624.0,402.0,6591.0,2055.0,11026.0,12479.0,14860.0
329,2021-07-08,3206.0,29181.0,7185.0,11339.0,388.0,7185.0,2328.0,11727.0,13665.0,16394.0
330,2021-07-07,2821.0,23356.0,6099.0,10167.0,348.0,6099.0,2117.0,10515.0,11498.0,12562.0
331,2021-07-06,2362.0,21328.0,5753.0,10668.0,356.0,5753.0,1864.0,11024.0,9894.0,11932.0
332,2021-07-05,2071.0,16649.0,3986.0,6958.0,290.0,3986.0,1473.0,7248.0,8219.0,9028.0
333,2021-07-04,1591.0,12180.0,2988.0,5256.0,365.0,2988.0,1241.0,5621.0,6179.0,6351.0
334,2021-07-03,1611.0,13212.0,3397.0,5889.0,270.0,3397.0,1220.0,6159.0,6906.0,6697.0
335,2021-07-02,1865.0,16886.0,4813.0,9382.0,432.0,4813.0,1498.0,9814.0,8457.0,8796.0
336,2021-07-01,2004.0,18259.0,5287.0,10195.0,407.0,5287.0,1600.0,10602.0,9028.0,9635.0
337,2021-06-30,2438.0,21331.0,5744.0,11317.0,428.0,5744.0,1782.0,11745.0,10309.0,11678.0
338,2021-06-29,2321.0,21774.0,5740.0,10856.0,359.0,5740.0,1799.0,11215.0,10189.0,12107.0
339,2021-06-28,2254.0,20889.0,5554.0,9582.0,397.0,5554.0,1821.0,9979.0,10111.0,11211.0
340,2021-06-27,2034.0,16581.0,3740.0,6155.0,246.0,3740.0,1502.0,6401.0,9078.0,8035.0
341,2021-06-26,2374.0,19198.0,4394.0,6431.0,297.0,4394.0,1882.0,6728.0,10336.0,9354.0
342,2021-06-25,2121.0,21438.0,5486.0,9764.0,445.0,5486.0,1978.0,10209.0,10111.0,11470.0
343,2021-06-24,2232.0,22335.0,6146.0,10285.0,460.0,6146.0,1771.0,10745.0,9995.0,12801.0
344,2021-06-23,2274.0,23451.0,6503.0,11122.0,412.0,6503.0,1753.0,11534.0,10805.0,13167.0
345,2021-06-22,2161.0,22680.0,6179.0,11995.0,436.0,6179.0,1813.0,12431.0,10580.0,12448.0
346,2021-06-21,2168.0,20467.0,5393.0,10236.0,478.0,5393.0,1847.0,10714.0,9887.0,10901.0
347,2021-06-20,1579.0,13903.0,3335.0,5853.0,290.0,3335.0,1423.0,6143.0,6973.0,7086.0
348,2021-06-19,1835.0,16717.0,3783.0,6553.0,341.0,3783.0,1549.0,6894.0,8538.0,8465.0
349,2021-06-18,2159.0,20762.0,6073.0,10902.0,516.0,6073.0,1801.0,11418.0,10004.0,11116.0
350,2021-06-17,2261.0,21478.0,6221.0,10950.0,512.0,6221.0,2095.0,11462.0,10442.0,11202.0
351,2021-06-16,2860.0,26226.0,7214.0,12610.0,535.0,7214.0,2525.0,13145.0,13833.0,12728.0
352,2021-06-15,2551.0,25656.0,7475.0,13225.0,543.0,7475.0,2317.0,13768.0,12274.0,13616.0
353,2021-06-14,2379.0,21786.0,5951.0,12885.0,467.0,5951.0,1859.0,13352.0,10502.0,11804.0
354,2021-06-13,1583.0,15634.0,3818.0,6132.0,276.0,3818.0,1271.0,6408.0,8072.0,7874.0
355,2021-06-12,1666.0,15401.0,4049.0,6898.0,368.0,4049.0,1341.0,7266.0,7996.0,7730.0
356,2021-06-11,2191.0,22306.0,6391.0,12628.0,622.0,6391.0,1829.0,13250.0,10787.0,11881.0
357,2021-06-10,2307.0,24379.0,6660.0,12486.0,507.0,6660.0,1807.0,12993.0,12158.0,12721.0
358,2021-06-09,2608.0,24608.0,6898.0,13026.0,523.0,6898.0,1824.0,13549.0,12726.0,12666.0
359,2021-06-08,2266.0,21604.0,6491.0,11887.0,471.0,6491.0,1771.0,12358.0,11048.0,11051.0
360,2021-06-07,2232.0,22449.0,6223.0,11535.0,463.0,6223.0,1794.0,11998.0,11963.0,10924.0
361,2021-06-06,2192.0,18466.0,4365.0,7023.0,342.0,4365.0,1470.0,7365.0,10885.0,8303.0
362,2021-06-05,2358.0,19142.0,4894.0,8120.0,398.0,4894.0,1550.0,8518.0,10944.0,9006.0
363,2021-06-04,2789.0,26035.0,6957.0,12678.0,568.0,6957.0,2018.0,13246.0,14411.0,12395.0
364,2021-06-03,2744.0,26758.0,7159.0,13243.0,568.0,7159.0,1925.0,13811.0,14792.0,12785.0
365,2021-06-02,2756.0,24981.0,7430.0,13251.0,566.0,7430.0,2176.0,13817.0,13306.0,12255.0
366,2021-06-01,2241.0,21466.0,6423.0,12385.0,511.0,6423.0,1959.0,12896.0,10517.0,11231.0
367,2021-05-31,1915.0,16859.0,4566.0,7679.0,306.0,4566.0,1574.0,7985.0,8656.0,8544.0
368,2021-05-30,2016.0,17618.0,4547.0,7246.0,344.0,4547.0,1427.0,7590.0,9731.0,8476.0
369,2021-05-29,2025.0,18366.0,5394.0,11906.0,377.0,5394.0,1533.0,12283.0,10264.0,8594.0
370,2021-05-28,2655.0,25447.0,7322.0,15707.0,596.0,7322.0,2193.0,16303.0,13133.0,12776.0
371,2021-05-27,3081.0,29607.0,7578.0,15939.0,611.0,7578.0,2191.0,16550.0,16204.0,14293.0
372,2021-05-26,2928.0,29089.0,7721.0,18023.0,578.0,7721.0,2065.0,18601.0,14999.0,14953.0
373,2021-05-25,2782.0,27642.0,7605.0,17839.0,521.0,7605.0,2097.0,18360.0,14357.0,13970.0
374,2021-05-24,2875.0,29011.0,7667.0,17058.0,534.0,7667.0,2107.0,17592.0,14152.0,15627.0
375,2021-05-23,2174.0,19434.0,5111.0,12713.0,365.0,5111.0,1684.0,13078.0,9899.0,10025.0
376,2021-05-22,2108.0,18010.0,5201.0,15444.0,480.0,5201.0,1595.0,15924.0,9529.0,8994.0
377,2021-05-21,2544.0,23322.0,7352.0,18916.0,728.0,7352.0,2157.0,19644.0,11241.0,12468.0
378,2021-05-20,2782.0,25927.0,7782.0,17981.0,686.0,7782.0,2553.0,18667.0,12765.0,13391.0
379,2021-05-19,2684.0,25829.0,7871.0,19589.0,654.0,7871.0,2340.0,20243.0,12790.0,13383.0
380,2021-05-18,3061.0,27481.0,8019.0,21222.0,691.0,8019.0,2505.0,21913.0,13537.0,14500.0
381,2021-05-17,2819.0,26232.0,8019.0,21368.0,606.0,8019.0,2443.0,21974.0,12777.0,13831.0
382,2021-05-16,2354.0,19790.0,5015.0,9058.0,426.0,5015.0,1708.0,9484.0,10415.0,10021.0
383,2021-05-15,2655.0,23715.0,6199.0,10823.0,505.0,6199.0,2114.0,11328.0,11879.0,12377.0
384,2021-05-14,4099.0,39321.0,10784.0,21073.0,787.0,10784.0,3002.0,21860.0,19773.0,20645.0
385,2021-05-13,3718.0,35557.0,10969.0,25529.0,896.0,10969.0,3034.0,26425.0,17566.0,18675.0
386,2021-05-12,3332.0,29226.0,9161.0,23403.0,926.0,9161.0,2691.0,24329.0,14625.0,15242.0
387,2021-05-11,3507.0,30911.0,9143.0,18566.0,747.0,9143.0,2738.0,19313.0,15652.0,16028.0
388,2021-05-10,3182.0,27380.0,8660.0,17966.0,712.0,8660.0,2677.0,18678.0,12607.0,15278.0
389,2021-05-09,2136.0,18414.0,4994.0,9973.0,623.0,4994.0,1956.0,10596.0,9018.0,9576.0
390,2021-05-08,2652.0,21692.0,6076.0,11592.0,520.0,6076.0,2332.0,12112.0,10596.0,11416.0
391,2021-05-07,3199.0,29999.0,8869.0,21228.0,931.0,8869.0,2688.0,22159.0,13960.0,16550.0
392,2021-05-06,3216.0,29678.0,9204.0,21262.0,1277.0,9204.0,2660.0,22539.0,13899.0,16335.0
393,2021-05-05,3610.0,30682.0,9745.0,22962.0,928.0,9745.0,2937.0,23890.0,14819.0,16536.0
394,2021-05-04,3843.0,32808.0,9766.0,23415.0,877.0,9766.0,3121.0,24292.0,15728.0,17802.0
395,2021-05-03,3759.0,32691.0,9162.0,22931.0,848.0,9162.0,3124.0,23779.0,15867.0,17459.0
396,2021-05-02,2379.0,18969.0,5289.0,14719.0,455.0,5289.0,1904.0,15174.0,9295.0,10149.0
397,2021-05-01,2617.0,22307.0,6369.0,16517.0,626.0,6369.0,2245.0,17143.0,10554.0,12125.0
398,2021-04-30,3362.0,29534.0,8906.0,20743.0,833.0,8906.0,2985.0,21576.0,13491.0,16420.0
399,2021-04-29,3482.0,31270.0,9345.0,21341.0,823.0,9345.0,2887.0,22164.0,14772.0,17093.0
400,2021-04-28,4268.0,36643.0,10315.0,24112.0,807.0,10315.0,3368.0,24919.0,17257.0,20286.0
401,2021-04-27,4719.0,38399.0,10330.0,25509.0,648.0,10330.0,3597.0,26157.0,18804.0,20717.0
402,2021-04-26,3739.0,32298.0,9706.0,24288.0,743.0,9706.0,2974.0,25031.0,15401.0,17662.0
403,2021-04-25,3209.0,25559.0,6391.0,17856.0,502.0,6391.0,2310.0,18358.0,12511.0,13947.0
404,2021-04-24,3032.0,24405.0,6797.0,18474.0,646.0,6797.0,2317.0,19120.0,11609.0,13511.0
405,2021-04-23,3367.0,30768.0,10208.0,22236.0,906.0,10208.0,2807.0,23142.0,13687.0,17641.0
406,2021-04-22,3242.0,30148.0,9153.0,18864.0,858.0,9153.0,2664.0,19722.0,13614.0,17112.0
407,2021-04-21,2902.0,26344.0,8479.0,20466.0,732.0,8479.0,2668.0,21198.0,11947.0,14631.0
408,2021-04-20,3402.0,31444.0,9550.0,22527.0,789.0,9550.0,3183.0,23316.0,14810.0,16853.0
409,2021-04-19,3372.0,29554.0,8949.0,21931.0,816.0,8949.0,2818.0,22747.0,13897.0,16211.0
410,2021-04-18,2844.0,22776.0,5846.0,14111.0,502.0,5846.0,2252.0,14613.0,11346.0,12022.0
411,2021-04-17,2620.0,21605.0,5821.0,14215.0,677.0,5821.0,2486.0,14892.0,10303.0,11436.0
412,2021-04-16,3803.0,31849.0,9651.0,19497.0,819.0,9651.0,2866.0,20316.0,14828.0,17958.0
413,2021-04-15,3786.0,34242.0,10705.0,20468.0,927.0,10705.0,3177.0,21395.0,15382.0,19469.0
414,2021-04-14,3435.0,32307.0,9510.0,19208.0,834.0,9510.0,2998.0,20042.0,14894.0,17850.0
415,2021-04-13,3996.0,38333.0,11639.0,20554.0,804.0,11639.0,3474.0,21358.0,16018.0,22837.0
416,2021-04-12,3343.0,30602.0,9908.0,19800.0,800.0,9908.0,3367.0,20600.0,13979.0,16599.0
417,2021-04-11,3017.0,23617.0,6362.0,12540.0,532.0,6362.0,2446.0,13072.0,11625.0,12563.0
418,2021-04-10,3133.0,25245.0,6972.0,13580.0,699.0,6972.0,2529.0,14279.0,12324.0,13525.0
419,2021-04-09,3532.0,31922.0,9644.0,20548.0,1021.0,9644.0,3012.0,21569.0,14441.0,18001.0
420,2021-04-08,3798.0,34049.0,10210.0,20480.0,984.0,10210.0,3177.0,21464.0,15801.0,18869.0
421,2021-04-07,3858.0,35955.0,10991.0,23014.0,1134.0,10991.0,3537.0,24148.0,16023.0,20253.0
422,2021-04-06,4119.0,35970.0,11379.0,23907.0,1050.0,11379.0,3631.0,24957.0,17733.0,18725.0
423,2021-04-05,3765.0,31888.0,10037.0,21273.0,941.0,10037.0,3096.0,22214.0,16178.0,16379.0
424,2021-04-04,2403.0,19889.0,5317.0,12051.0,602.0,5317.0,2195.0,12653.0,10287.0,9810.0
425,2021-04-03,2599.0,22244.0,6416.0,14410.0,705.0,6416.0,2482.0,15115.0,11251.0,11110.0
426,2021-04-02,3354.0,31031.0,9556.0,21216.0,1057.0,9556.0,3090.0,22273.0,15147.0,16148.0
427,2021-04-01,4013.0,36993.0,11368.0,23401.0,1211.0,11368.0,3627.0,24612.0,18941.0,18438.0
428,2021-03-31,3961.0,37563.0,10947.0,23872.0,1294.0,10947.0,3220.0,25166.0,18002.0,20302.0
429,2021-03-30,4940.0,42433.0,11396.0,22916.0,1149.0,11396.0,3566.0,24065.0,21672.0,22135.0
430,2021-03-29,4398.0,38190.0,10753.0,23287.0,956.0,10753.0,3242.0,24243.0,18336.0,21010.0
431,2021-03-28,2887.0,22444.0,6630.0,11463.0,601.0,6630.0,2372.0,12064.0,11678.0,11281.0
432,2021-03-27,2739.0,23085.0,7114.0,13052.0,723.0,7114.0,2403.0,13775.0,11510.0,11911.0
433,2021-03-26,3532.0,32448.0,10800.0,21233.0,1172.0,10800.0,3180.0,22405.0,15948.0,16852.0
434,2021-03-25,3425.0,35036.0,11589.0,22670.0,1274.0,11589.0,3393.0,23944.0,17084.0,17984.0
435,2021-03-24,2860.0,30774.0,11055.0,21821.0,1124.0,11055.0,3053.0,22945.0,13038.0,17543.0
436,2021-03-23,3166.0,33266.0,11553.0,22504.0,1105.0,11553.0,3132.0,23609.0,14054.0,19246.0
437,2021-03-22,3318.0,33495.0,11059.0,24134.0,1165.0,11059.0,3585.0,25299.0,15031.0,18197.0
438,2021-03-21,2988.0,27609.0,7550.0,12823.0,732.0,7550.0,2974.0,13555.0,13846.0,13777.0
439,2021-03-20,2844.0,28537.0,7820.0,14272.0,901.0,7820.0,3046.0,15173.0,14219.0,14116.0
440,2021-03-19,3060.0,34540.0,10775.0,21848.0,1288.0,10775.0,3326.0,23136.0,15806.0,18468.0
441,2021-03-18,2395.0,34767.0,12653.0,23283.0,984.0,12653.0,3650.0,24267.0,18280.0,15232.0
442,2021-03-17,2849.0,35034.0,12923.0,24318.0,1076.0,12923.0,3767.0,25394.0,18405.0,15711.0
443,2021-03-16,2225.0,35336.0,13698.0,25412.0,987.0,13698.0,3742.0,26399.0,17675.0,16144.0
444,2021-03-15,2111.0,34412.0,13430.0,23794.0,1028.0,13430.0,3773.0,24822.0,17268.0,15482.0
445,2021-03-14,1819.0,26923.0,9024.0,15258.0,855.0,9024.0,3286.0,16113.0,14851.0,10605.0
446,2021-03-13,1950.0,27728.0,9898.0,17908.0,860.0,9898.0,3217.0,18768.0,14882.0,11579.0
447,2021-03-12,2624.0,37754.0,14547.0,28324.0,1135.0,14547.0,4549.0,29459.0,20289.0,15540.0
448,2021-03-11,2725.0,42427.0,17558.0,36543.0,1394.0,17558.0,5528.0,37937.0,21555.0,18069.0
449,2021-03-10,2378.0,37886.0,15530.0,35377.0,1244.0,15530.0,4396.0,36621.0,19811.0,16057.0
450,2021-03-09,2103.0,34675.0,13805.0,26271.0,1008.0,13805.0,3789.0,27279.0,17399.0,15590.0
451,2021-03-08,2187.0,32402.0,13067.0,25088.0,929.0,13067.0,3686.0,26017.0,16292.0,14611.0
452,2021-03-07,2326.0,29495.0,9855.0,17397.0,540.0,9855.0,3652.0,17937.0,16986.0,11183.0
453,2021-03-06,2556.0,34082.0,12511.0,24863.0,895.0,12511.0,3900.0,25758.0,20209.0,12529.0
454,2021-03-05,3039.0,45574.0,15805.0,28941.0,1039.0,15805.0,4585.0,29980.0,25549.0,18479.0
455,2021-03-04,3370.0,48163.0,16245.0,27639.0,1028.0,16245.0,4577.0,28667.0,28053.0,18903.0
456,2021-03-03,4092.0,53525.0,18192.0,30856.0,1126.0,18192.0,5537.0,31982.0,31223.0,20857.0
457,2021-03-02,4169.0,50606.0,18031.0,29441.0,1004.0,18031.0,5615.0,30445.0,28579.0,20581.0
458,2021-03-01,2185.0,32186.0,12675.0,23013.0,858.0,12675.0,3839.0,23871.0,16435.0,14097.0
459,2021-02-28,2273.0,28053.0,9664.0,16494.0,568.0,9664.0,3577.0,17062.0,15499.0,11250.0
460,2021-02-27,2161.0,30081.0,10418.0,20827.0,718.0,10418.0,3493.0,21545.0,16965.0,11784.0
461,2021-02-26,2414.0,36279.0,14013.0,26359.0,1000.0,14013.0,4193.0,27359.0,19061.0,15439.0
462,2021-02-25,2726.0,37166.0,14531.0,25827.0,911.0,14531.0,4461.0,26738.0,18390.0,17041.0
463,2021-02-24,2785.0,36374.0,14036.0,25985.0,924.0,14036.0,4770.0,26909.0,18233.0,16156.0
464,2021-02-23,3114.0,40195.0,13413.0,23430.0,757.0,13413.0,6424.0,24187.0,19204.0,17681.0
465,2021-02-22,2808.0,37764.0,12770.0,21530.0,635.0,12770.0,5818.0,22165.0,17354.0,17400.0
466,2021-02-21,2118.0,26775.0,8314.0,12809.0,437.0,8314.0,3585.0,13246.0,13387.0,11921.0
467,2021-02-20,2066.0,25938.0,8500.0,14222.0,530.0,8500.0,3074.0,14752.0,13482.0,11448.0
468,2021-02-19,2559.0,35869.0,12349.0,21312.0,703.0,12349.0,3806.0,22015.0,18526.0,16096.0
469,2021-02-18,3104.0,39155.0,12609.0,21473.0,711.0,12609.0,4458.0,22184.0,19873.0,17928.0
470,2021-02-17,3023.0,39036.0,13285.0,21897.0,693.0,13285.0,4495.0,22590.0,19542.0,18022.0
471,2021-02-16,2846.0,37510.0,12277.0,20865.0,650.0,12277.0,4239.0,21515.0,18829.0,17288.0
472,2021-02-15,2199.0,30526.0,9720.0,16128.0,607.0,9720.0,3409.0,16735.0,15437.0,13879.0
473,2021-02-14,1866.0,23361.0,7164.0,12054.0,644.0,7164.0,2857.0,12698.0,12480.0,9890.0
474,2021-02-13,2431.0,29505.0,9091.0,14992.0,583.0,9091.0,3364.0,15575.0,16582.0,11990.0
475,2021-02-12,2844.0,38072.0,13169.0,22473.0,971.0,13169.0,4459.0,23444.0,19220.0,17237.0
476,2021-02-11,2916.0,39414.0,13724.0,24366.0,913.0,13724.0,4587.0,25279.0,19807.0,17936.0
477,2021-02-10,2753.0,37390.0,14017.0,24128.0,812.0,14017.0,4306.0,24940.0,18852.0,16985.0
478,2021-02-09,2830.0,40172.0,13922.0,22916.0,753.0,13922.0,4683.0,23669.0,19552.0,18767.0
479,2021-02-08,3359.0,43324.0,14386.0,24600.0,886.0,14386.0,6327.0,25486.0,21515.0,18841.0
480,2021-02-07,2457.0,29938.0,9763.0,15909.0,634.0,9763.0,4254.0,16543.0,16253.0,11888.0
481,2021-02-06,2643.0,30719.0,10130.0,16582.0,636.0,10130.0,4104.0,17218.0,16259.0,12999.0
482,2021-02-05,2652.0,38276.0,15272.0,27400.0,931.0,15272.0,4817.0,28331.0,18904.0,17207.0
483,2021-02-04,3167.0,41387.0,15117.0,26160.0,908.0,15117.0,4930.0,27068.0,20733.0,18891.0
484,2021-02-03,3113.0,41378.0,15725.0,26925.0,857.0,15725.0,5055.0,27782.0,21325.0,18111.0
485,2021-02-02,2820.0,40204.0,15630.0,26663.0,769.0,15630.0,5018.0,27432.0,19806.0,18200.0
486,2021-02-01,3066.0,39630.0,14511.0,24009.0,659.0,14511.0,4857.0,24668.0,20259.0,17580.0
487,2021-01-31,3059.0,34725.0,11263.0,16604.0,592.0,11263.0,4206.0,17196.0,19143.0,14435.0
488,2021-01-30,2793.0,33475.0,11099.0,17717.0,736.0,11099.0,4238.0,18453.0,17534.0,14496.0
489,2021-01-29,3234.0,42480.0,16350.0,26805.0,928.0,16350.0,5022.0,27733.0,20623.0,20069.0
490,2021-01-28,3294.0,44282.0,15353.0,26083.0,876.0,15353.0,4987.0,26959.0,21297.0,21292.0
491,2021-01-27,3685.0,45753.0,15944.0,26416.0,922.0,15944.0,5713.0,27338.0,22631.0,21094.0
492,2021-01-26,3698.0,46474.0,16597.0,28082.0,930.0,16597.0,5718.0,29012.0,23500.0,20954.0
493,2021-01-25,3833.0,46417.0,16860.0,28014.0,802.0,16860.0,5746.0,28816.0,24204.0,20300.0
494,2021-01-24,2998.0,34167.0,10672.0,17084.0,561.0,10672.0,4772.0,17645.0,18659.0,13734.0
495,2021-01-23,3332.0,36581.0,11358.0,17837.0,666.0,11358.0,5203.0,18503.0,19686.0,15024.0
496,2021-01-22,3678.0,47464.0,16418.0,26576.0,913.0,16418.0,5936.0,27489.0,24751.0,20455.0
497,2021-01-21,3519.0,46636.0,16399.0,27000.0,1112.0,16399.0,6233.0,28112.0,24404.0,19518.0
498,2021-01-20,3493.0,41371.0,14083.0,25271.0,1159.0,14083.0,7649.0,26430.0,20300.0,16915.0
499,2021-01-19,3842.0,46331.0,15938.0,27531.0,1016.0,15938.0,7871.0,28547.0,21948.0,20354.0
500,2021-01-18,2707.0,30528.0,9560.0,15528.0,550.0,9560.0,4255.0,16078.0,15437.0,13543.0
501,2021-01-17,2934.0,32685.0,9589.0,14797.0,559.0,9589.0,4693.0,15356.0,16880.0,14046.0
502,2021-01-16,3241.0,35806.0,11612.0,18730.0,724.0,11612.0,4818.0,19454.0,18729.0,15500.0
503,2021-01-15,4019.0,47134.0,16614.0,28903.0,1057.0,16614.0,6152.0,29960.0,23186.0,21815.0
504,2021-01-14,3156.0,39575.0,13941.0,24845.0,832.0,13941.0,5209.0,25677.0,19128.0,18394.0
505,2021-01-13,4037.0,46008.0,14988.0,26083.0,875.0,14988.0,6283.0,26958.0,23537.0,20225.0
506,2021-01-12,4592.0,53110.0,16999.0,28556.0,979.0,16999.0,7168.0,29535.0,28019.0,22515.0
507,2021-01-11,3629.0,41693.0,13965.0,23902.0,695.0,13965.0,5922.0,24597.0,21464.0,17936.0
508,2021-01-10,3258.0,32572.0,8746.0,13743.0,432.0,8746.0,4679.0,14175.0,17485.0,13666.0
509,2021-01-09,3140.0,33452.0,10354.0,16433.0,645.0,10354.0,4916.0,17078.0,17738.0,13938.0
510,2021-01-08,3599.0,45237.0,14624.0,23759.0,723.0,14624.0,6145.0,24482.0,22804.0,19887.0
511,2021-01-07,3395.0,42623.0,13683.0,21300.0,533.0,13683.0,5696.0,21833.0,22731.0,17591.0
512,2021-01-06,4626.0,54772.0,17794.0,28137.0,789.0,17794.0,6536.0,28926.0,30788.0,22074.0
513,2021-01-05,4881.0,60571.0,19711.0,29185.0,803.0,19711.0,7369.0,29988.0,31790.0,26293.0
514,2021-01-04,4112.0,51974.0,16899.0,25271.0,709.0,16899.0,6206.0,25980.0,27452.0,22428.0
515,2021-01-03,4153.0,48914.0,13460.0,18812.0,467.0,13460.0,6500.0,19279.0,27609.0,18958.0
516,2021-01-02,3946.0,46957.0,13229.0,18946.0,621.0,13229.0,6265.0,19567.0,26515.0,18123.0
517,2021-01-01,4270.0,48184.0,14644.0,25169.0,1787.0,14644.0,7863.0,26956.0,26442.0,18149.0
518,2020-12-31,5470.0,66188.0,20784.0,32452.0,1282.0,20784.0,9586.0,33734.0,35352.0,26720.0
519,2020-12-30,6889.0,79272.0,25371.0,35956.0,882.0,25371.0,12701.0,36838.0,41542.0,31918.0
520,2020-12-29,4477.0,59095.0,18974.0,30236.0,818.0,18974.0,6986.0,31054.0,31994.0,24592.0
521,2020-12-28,4087.0,54405.0,18277.0,29890.0,769.0,18277.0,6764.0,30659.0,30018.0,21710.0
522,2020-12-27,4715.0,47419.0,12559.0,18488.0,594.0,12559.0,6941.0,19082.0,27204.0,17989.0
523,2020-12-26,3245.0,34347.0,9979.0,16167.0,799.0,9979.0,5156.0,16966.0,18747.0,13689.0
524,2020-12-25,2630.0,29934.0,9422.0,18073.0,1246.0,9422.0,5315.0,19319.0,16232.0,11017.0
525,2020-12-24,4231.0,49821.0,15388.0,26650.0,1320.0,15388.0,7123.0,27970.0,28342.0,18587.0
526,2020-12-23,4841.0,69497.0,24626.0,37893.0,1237.0,24626.0,8286.0,39130.0,42485.0,23567.0
527,2020-12-22,5082.0,69600.0,24175.0,41981.0,1169.0,24175.0,8127.0,43150.0,42880.0,23675.0
528,2020-12-21,5327.0,66973.0,21557.0,36741.0,1013.0,21557.0,7629.0,37754.0,39143.0,25528.0
529,2020-12-20,4903.0,55580.0,16471.0,24292.0,812.0,16471.0,6576.0,25104.0,32115.0,21792.0
530,2020-12-19,5161.0,58485.0,17100.0,26564.0,1055.0,17100.0,7268.0,27619.0,32964.0,23414.0
531,2020-12-18,5625.0,69940.0,21934.0,36997.0,1293.0,21934.0,8390.0,38290.0,38188.0,28987.0
532,2020-12-17,5081.0,66553.0,22011.0,37473.0,1305.0,22011.0,7959.0,38778.0,35879.0,27796.0
533,2020-12-16,5464.0,67287.0,21803.0,36486.0,1277.0,21803.0,8010.0,37763.0,37228.0,27513.0
534,2020-12-15,4377.0,59452.0,20429.0,36936.0,1226.0,20429.0,7327.0,38162.0,31034.0,25468.0
535,2020-12-14,4354.0,57208.0,19607.0,36268.0,1163.0,19607.0,6870.0,37431.0,30340.0,24352.0
536,2020-12-13,4295.0,47276.0,14261.0,22928.0,733.0,14261.0,6238.0,23661.0,27201.0,18132.0
537,2020-12-12,4514.0,52719.0,17199.0,29348.0,782.0,17199.0,7659.0,30130.0,30033.0,19541.0
538,2020-12-11,5402.0,69380.0,22567.0,33488.0,852.0,22567.0,8598.0,34340.0,38477.0,27707.0
539,2020-12-10,5815.0,72625.0,22719.0,36440.0,901.0,22719.0,9518.0,37341.0,38338.0,30584.0
540,2020-12-09,5856.0,73645.0,23253.0,35728.0,906.0,23253.0,8917.0,36634.0,40268.0,30316.0
541,2020-12-08,6054.0,79392.0,24963.0,39846.0,972.0,24963.0,9580.0,40818.0,45886.0,29980.0
542,2020-12-07,5556.0,70726.0,21884.0,32060.0,809.0,21884.0,8537.0,32869.0,39864.0,27881.0
543,2020-12-06,5086.0,58775.0,17537.0,24273.0,574.0,17537.0,7911.0,24847.0,34593.0,21357.0
544,2020-12-05,5101.0,57684.0,16480.0,24364.0,633.0,16480.0,7574.0,24997.0,32952.0,22259.0
545,2020-12-04,5693.0,70963.0,21702.0,34203.0,967.0,21702.0,9144.0,35170.0,38388.0,29124.0
546,2020-12-03,5619.0,69453.0,22329.0,34452.0,758.0,22329.0,9377.0,35210.0,36971.0,28724.0
547,2020-12-02,4496.0,58535.0,19537.0,32998.0,780.0,19537.0,7512.0,33778.0,31075.0,24444.0
548,2020-12-01,4536.0,61996.0,20672.0,33054.0,948.0,20672.0,7791.0,34002.0,33332.0,25409.0
549,2020-11-30,3872.0,47663.0,15019.0,23405.0,632.0,15019.0,6695.0,24037.0,26217.0,18623.0
550,2020-11-29,3868.0,46240.0,12964.0,18945.0,551.0,12964.0,6579.0,19496.0,27740.0,15789.0
551,2020-11-28,3604.0,43020.0,13008.0,18284.0,518.0,13008.0,6128.0,18802.0,25270.0,15226.0
552,2020-11-27,3335.0,43146.0,13595.0,21317.0,958.0,13595.0,6031.0,22275.0,24751.0,15699.0
553,2020-11-26,4346.0,49880.0,15323.0,27037.0,2775.0,15323.0,7670.0,29812.0,28710.0,17846.0
554,2020-11-25,5200.0,65484.0,20440.0,32235.0,1253.0,20440.0,8902.0,33488.0,37103.0,24679.0
555,2020-11-24,4885.0,64191.0,21269.0,33348.0,1019.0,21269.0,7917.0,34367.0,35621.0,25538.0
556,2020-11-23,5719.0,64257.0,20557.0,34405.0,1017.0,20557.0,8393.0,35422.0,36318.0,25265.0
557,2020-11-22,5229.0,56735.0,16284.0,23758.0,826.0,16284.0,7160.0,24584.0,34622.0,20182.0
558,2020-11-21,5203.0,64555.0,19449.0,28738.0,819.0,19449.0,8506.0,29557.0,38065.0,23187.0
559,2020-11-20,6493.0,82595.0,26052.0,39516.0,1179.0,26052.0,10092.0,40695.0,46873.0,32123.0
560,2020-11-19,7859.0,87652.0,25106.0,37006.0,1034.0,25106.0,10366.0,38040.0,48549.0,36596.0
561,2020-11-18,7499.0,87999.0,25950.0,41199.0,1248.0,25950.0,10647.0,42447.0,48850.0,36001.0
562,2020-11-17,7222.0,82656.0,24604.0,38161.0,1258.0,24604.0,9545.0,39419.0,46165.0,34168.0
563,2020-11-16,7123.0,79435.0,22869.0,35882.0,955.0,22869.0,9160.0,36837.0,44992.0,32406.0
564,2020-11-15,5662.0,59503.0,16513.0,21691.0,590.0,16513.0,7809.0,22281.0,34591.0,22765.0
565,2020-11-14,5832.0,65091.0,18491.0,25618.0,679.0,18491.0,8000.0,26297.0,38597.0,24326.0
566,2020-11-13,6953.0,87280.0,26101.0,35967.0,864.0,26101.0,9966.0,36831.0,51310.0,32957.0
567,2020-11-12,6964.0,82258.0,24713.0,34160.0,868.0,24713.0,9505.0,35028.0,46748.0,32969.0
568,2020-11-11,5167.0,63518.0,19923.0,29333.0,762.0,19923.0,7499.0,30095.0,34953.0,26233.0
569,2020-11-10,4558.0,59956.0,19099.0,30104.0,828.0,19099.0,6962.0,30932.0,32980.0,24572.0
570,2020-11-09,4465.0,69089.0,23203.0,40039.0,1342.0,23203.0,7590.0,41381.0,40348.0,25616.0
571,2020-11-08,3957.0,55371.0,16675.0,23023.0,745.0,16675.0,8627.0,23768.0,34565.0,16136.0
572,2020-11-07,4949.0,69370.0,20811.0,28275.0,929.0,20811.0,9950.0,29204.0,42229.0,22140.0
573,2020-11-06,4481.0,60629.0,17367.0,24273.0,664.0,17367.0,7672.0,24937.0,35092.0,22346.0
574,2020-11-05,3982.0,58203.0,17293.0,23788.0,525.0,17293.0,7642.0,24313.0,33601.0,20942.0
575,2020-11-04,4138.0,49687.0,14958.0,20189.0,470.0,14958.0,6315.0,20659.0,30576.0,16934.0
576,2020-11-03,3441.0,50889.0,15218.0,22481.0,535.0,15218.0,6037.0,23016.0,28875.0,19418.0
577,2020-11-02,4560.0,57639.0,15775.0,22755.0,605.0,15775.0,6384.0,23360.0,32815.0,23000.0
578,2020-11-01,4225.0,53001.0,13962.0,18930.0,570.0,13962.0,6115.0,19500.0,32547.0,18564.0
579,2020-10-31,5095.0,60761.0,15913.0,22939.0,759.0,15913.0,6853.0,23698.0,36041.0,22962.0
580,2020-10-30,5155.0,70981.0,19991.0,29736.0,758.0,19991.0,7807.0,30494.0,40465.0,27864.0
581,2020-10-29,4570.0,62631.0,19000.0,28554.0,804.0,19000.0,6507.0,29358.0,35271.0,25423.0
582,2020-10-28,6408.0,77607.0,22762.0,34020.0,958.0,22762.0,8458.0,34978.0,45252.0,30305.0
583,2020-10-27,4996.0,67368.0,20500.0,29048.0,609.0,20500.0,7086.0,29657.0,38840.0,26438.0
584,2020-10-26,4506.0,65471.0,19724.0,26515.0,578.0,19724.0,6745.0,27093.0,38453.0,24779.0
585,2020-10-25,4592.0,55181.0,14556.0,18079.0,455.0,14556.0,5845.0,18534.0,33565.0,20363.0
586,2020-10-24,3955.0,49457.0,13717.0,19177.0,516.0,13717.0,5390.0,19693.0,27648.0,20374.0
587,2020-10-23,4844.0,63792.0,17867.0,25628.0,677.0,17867.0,6665.0,26305.0,37524.0,24447.0
588,2020-10-22,3570.0,53934.0,16580.0,25755.0,704.0,16580.0,5923.0,26459.0,29226.0,22355.0
589,2020-10-21,3853.0,56319.0,16705.0,24913.0,677.0,16705.0,6099.0,25590.0,29974.0,24099.0
590,2020-10-20,3894.0,56318.0,16720.0,25495.0,719.0,16720.0,5732.0,26214.0,31646.0,22834.0
591,2020-10-19,3949.0,53034.0,16300.0,24042.0,881.0,16300.0,5282.0,24923.0,30842.0,20859.0
592,2020-10-18,3120.0,41237.0,12150.0,16760.0,479.0,12150.0,4582.0,17239.0,25768.0,14007.0
593,2020-10-17,2787.0,40421.0,12772.0,18388.0,466.0,12772.0,4569.0,18854.0,24209.0,14430.0
594,2020-10-16,3496.0,56313.0,18531.0,27062.0,669.0,18531.0,5804.0,27731.0,31827.0,22178.0
595,2020-10-15,3471.0,54759.0,18044.0,27448.0,670.0,18044.0,5702.0,28118.0,31573.0,20955.0
596,2020-10-14,4399.0,62034.0,19856.0,29294.0,747.0,19856.0,6925.0,30041.0,35709.0,23799.0
597,2020-10-13,4207.0,63588.0,20363.0,30303.0,643.0,20363.0,6484.0,30946.0,36717.0,24594.0
598,2020-10-12,4441.0,64311.0,19659.0,27883.0,734.0,19659.0,6593.0,28617.0,39690.0,22469.0
599,2020-10-11,3641.0,51541.0,14455.0,19221.0,420.0,14455.0,5327.0,19641.0,32239.0,17616.0
600,2020-10-10,4231.0,61581.0,17906.0,24673.0,607.0,17906.0,5934.0,25280.0,39441.0,20437.0
601,2020-10-09,4755.0,78695.0,24191.0,32429.0,687.0,24191.0,7460.0,33116.0,48832.0,27158.0
602,2020-10-08,6935.0,123226.0,36443.0,42516.0,723.0,36443.0,12599.0,43239.0,76119.0,41443.0
603,2020-10-07,6847.0,106974.0,30904.0,40816.0,779.0,30904.0,9723.0,41595.0,66601.0,37497.0
604,2020-10-06,10780.0,147631.0,39903.0,48102.0,869.0,39903.0,13644.0,48971.0,92204.0,52563.0
605,2020-10-05,13734.0,163631.0,41497.0,52004.0,985.0,41497.0,14787.0,52989.0,104946.0,57632.0
606,2020-10-04,8869.0,111143.0,28042.0,33961.0,742.0,28042.0,9682.0,34703.0,73923.0,36407.0
607,2020-10-03,7064.0,105804.0,30116.0,39227.0,662.0,30116.0,9672.0,39889.0,68914.0,34282.0
608,2020-10-02,11137.0,187668.0,55826.0,78875.0,1798.0,55826.0,17106.0,80673.0,120748.0,60951.0
609,2020-10-01,3356.0,45816.0,13943.0,22642.0,711.0,13943.0,5575.0,23353.0,24383.0,19214.0
610,2020-09-30,5048.0,60326.0,16223.0,24578.0,696.0,16223.0,6818.0,25274.0,35623.0,22933.0
611,2020-09-29,3799.0,50448.0,15256.0,23106.0,663.0,15256.0,5803.0,23769.0,26072.0,22372.0
612,2020-09-28,3007.0,39511.0,12107.0,18254.0,495.0,12107.0,4400.0,18749.0,20792.0,17326.0
613,2020-09-27,2822.0,33947.0,9048.0,12839.0,390.0,9048.0,4212.0,13229.0,19395.0,13162.0
614,2020-09-26,3218.0,38831.0,10503.0,15259.0,503.0,10503.0,4428.0,15762.0,21933.0,15688.0
615,2020-09-25,3609.0,48119.0,14251.0,22885.0,738.0,14251.0,5707.0,23623.0,25401.0,20620.0
616,2020-09-24,3633.0,48863.0,14627.0,22728.0,666.0,14627.0,5781.0,23394.0,25264.0,21451.0
617,2020-09-23,4514.0,57265.0,15977.0,24617.0,756.0,15977.0,6863.0,25373.0,30420.0,24496.0
618,2020-09-22,5251.0,63678.0,16626.0,23579.0,700.0,16626.0,7794.0,24279.0,34004.0,27131.0
619,2020-09-21,4051.0,50976.0,13835.0,21123.0,628.0,13835.0,5684.0,21751.0,27220.0,22123.0
620,2020-09-20,2791.0,31908.0,7997.0,12169.0,427.0,7997.0,3997.0,12596.0,17899.0,12803.0
621,2020-09-19,2807.0,31979.0,8418.0,12252.0,446.0,8418.0,4397.0,12698.0,17521.0,12868.0
622,2020-09-18,4429.0,59429.0,16790.0,24403.0,773.0,16790.0,6162.0,25176.0,33436.0,24260.0
623,2020-09-17,5022.0,64039.0,17344.0,26019.0,736.0,17344.0,6271.0,26755.0,34944.0,27846.0
624,2020-09-16,4769.0,64012.0,19673.0,27626.0,752.0,19673.0,6582.0,28378.0,35142.0,27057.0
625,2020-09-15,4160.0,55460.0,15549.0,24341.0,814.0,15549.0,5777.0,25155.0,30349.0,23494.0
626,2020-09-14,4629.0,55650.0,14597.0,22312.0,765.0,14597.0,5565.0,23077.0,31085.0,23629.0
627,2020-09-13,4343.0,48189.0,11377.0,15397.0,534.0,11377.0,5534.0,15931.0,27864.0,19134.0
628,2020-09-12,3999.0,47244.0,11548.0,16332.0,500.0,11548.0,5573.0,16832.0,26507.0,19163.0
629,2020-09-11,5586.0,64370.0,16051.0,23293.0,679.0,16051.0,7748.0,23972.0,35139.0,27069.0
630,2020-09-10,6916.0,83311.0,18885.0,26165.0,759.0,18885.0,7916.0,26924.0,48380.0,33931.0
631,2020-09-09,5668.0,71368.0,18349.0,24990.0,727.0,18349.0,6860.0,25717.0,40111.0,30065.0
632,2020-09-08,4139.0,51373.0,14380.0,21821.0,682.0,14380.0,5293.0,22503.0,26806.0,23413.0
633,2020-09-07,3232.0,38698.0,9492.0,14751.0,736.0,9492.0,4179.0,15487.0,20747.0,17004.0
634,2020-09-06,3025.0,34791.0,8516.0,12376.0,475.0,8516.0,3977.0,12851.0,18881.0,14958.0
635,2020-09-05,3284.0,38183.0,9855.0,15097.0,566.0,9855.0,4350.0,15663.0,20384.0,16733.0
636,2020-09-04,4422.0,53349.0,14579.0,23265.0,884.0,14579.0,5809.0,24149.0,27839.0,24123.0
637,2020-09-03,6104.0,69234.0,18078.0,28509.0,825.0,18078.0,7463.0,29334.0,37597.0,30278.0
638,2020-09-02,4219.0,54231.0,13921.0,19960.0,711.0,13921.0,5666.0,20671.0,27981.0,24803.0
639,2020-09-01,5124.0,62851.0,15498.0,23521.0,862.0,15498.0,7046.0,24383.0,31885.0,29044.0
640,2020-08-31,5524.0,67475.0,14594.0,21823.0,692.0,14594.0,7038.0,22515.0,33693.0,32268.0
641,2020-08-30,4441.0,50931.0,10119.0,13843.0,519.0,10119.0,5622.0,14362.0,26668.0,23082.0
642,2020-08-29,4368.0,42816.0,10831.0,15205.0,577.0,10831.0,5265.0,15782.0,23999.0,17920.0
643,2020-08-28,4919.0,60314.0,16179.0,24750.0,850.0,16179.0,6547.0,25600.0,32883.0,25803.0
644,2020-08-27,4490.0,53177.0,14799.0,23436.0,711.0,14799.0,5630.0,24147.0,28087.0,23950.0
645,2020-08-26,4944.0,54836.0,14821.0,23426.0,842.0,14821.0,6017.0,24268.0,28568.0,25195.0
646,2020-08-25,5014.0,54246.0,16055.0,24525.0,793.0,16055.0,6193.0,25318.0,28873.0,24194.0
647,2020-08-24,4141.0,51129.0,14751.0,22852.0,746.0,14751.0,5408.0,23598.0,26681.0,23181.0
648,2020-08-23,4431.0,48847.0,11947.0,16020.0,525.0,11947.0,5393.0,16545.0,27421.0,20464.0
649,2020-08-22,3955.0,42361.0,10889.0,15336.0,530.0,10889.0,4887.0,15866.0,22779.0,18650.0
650,2020-08-21,4496.0,51318.0,14769.0,23326.0,863.0,14769.0,6019.0,24189.0,27175.0,22620.0
651,2020-08-20,4494.0,54057.0,15482.0,24745.0,844.0,15482.0,6260.0,25589.0,28087.0,24204.0
652,2020-08-19,4780.0,57935.0,16353.0,26391.0,989.0,16353.0,6653.0,27380.0,29780.0,26282.0
653,2020-08-18,5244.0,61649.0,16822.0,26218.0,803.0,16822.0,6960.0,27021.0,32971.0,26962.0
654,2020-08-17,4266.0,53768.0,15705.0,24219.0,858.0,15705.0,6036.0,25077.0,27098.0,24900.0
655,2020-08-16,4312.0,46237.0,10926.0,15023.0,489.0,10926.0,7420.0,15512.0,23765.0,19364.0
656,2020-08-15,3809.0,42196.0,11274.0,17057.0,617.0,11274.0,5081.0,17674.0,22775.0,18149.0
657,2020-08-14,5003.0,59000.0,16251.0,26036.0,892.0,16251.0,6671.0,26928.0,30326.0,27006.0
658,2020-08-13,5414.0,64667.0,16883.0,26809.0,879.0,16883.0,6942.0,27688.0,33824.0,29315.0
659,2020-08-12,4850.0,60122.0,17001.0,26390.0,923.0,17001.0,6609.0,27313.0,31589.0,26774.0
660,2020-08-11,5835.0,69122.0,18443.0,28020.0,825.0,18443.0,7553.0,28845.0,35819.0,31585.0
661,2020-08-10,5785.0,67926.0,17575.0,27384.0,865.0,17575.0,7411.0,28249.0,36863.0,29437.0
662,2020-08-09,4325.0,50817.0,12410.0,17753.0,602.0,12410.0,5821.0,18355.0,28270.0,21051.0
663,2020-08-08,4368.0,50104.0,12289.0,18159.0,623.0,12289.0,5860.0,18782.0,26942.0,21670.0
664,2020-08-07,5598.0,67057.0,17887.0,27003.0,927.0,17887.0,7615.0,27930.0,34486.0,30554.0
665,2020-08-06,5699.0,69410.0,18942.0,29241.0,868.0,18942.0,7175.0,30109.0,37033.0,30901.0
666,2020-08-05,5427.0,64964.0,17403.0,27329.0,868.0,17403.0,7326.0,28197.0,33564.0,29501.0
667,2020-08-04,6088.0,69213.0,18415.0,27131.0,860.0,18415.0,8186.0,27991.0,35738.0,31377.0
668,2020-08-03,5907.0,66261.0,17977.0,27605.0,871.0,17977.0,7482.0,28476.0,35238.0,29448.0
669,2020-08-02,4979.0,54025.0,12947.0,17889.0,635.0,12947.0,6441.0,18524.0,30070.0,22493.0
670,2020-08-01,5134.0,56967.0,13725.0,19155.0,728.0,13725.0,6129.0,19883.0,32140.0,23832.0
671,2020-07-31,6931.0,77177.0,19238.0,29121.0,1076.0,19238.0,8155.0,30197.0,42432.0,33521.0
672,2020-07-30,9387.0,96808.0,23238.0,31946.0,990.0,23238.0,12134.0,32936.0,52239.0,41822.0
673,2020-07-29,6366.0,82372.0,23170.0,32954.0,951.0,23170.0,8397.0,33905.0,45481.0,34860.0
674,2020-07-28,6765.0,86127.0,23757.0,32882.0,901.0,23757.0,8539.0,33783.0,48449.0,35904.0
675,2020-07-27,6152.0,72750.0,19981.0,30306.0,832.0,19981.0,9093.0,31138.0,38377.0,31432.0
676,2020-07-26,4262.0,45179.0,11031.0,16101.0,536.0,11031.0,5187.0,16637.0,24839.0,19415.0
677,2020-07-25,4343.0,49030.0,12208.0,17824.0,642.0,12208.0,5682.0,18466.0,25961.0,21730.0
678,2020-07-24,5753.0,66024.0,17954.0,28308.0,904.0,17954.0,7384.0,29212.0,34078.0,30315.0
679,2020-07-23,5944.0,70439.0,18890.0,30094.0,914.0,18890.0,7418.0,31008.0,37068.0,31897.0
680,2020-07-22,5874.0,70233.0,19103.0,29725.0,918.0,19103.0,7241.0,30643.0,36333.0,32533.0
681,2020-07-21,6060.0,70566.0,19349.0,29499.0,866.0,19349.0,6992.0,30365.0,38327.0,31307.0
682,2020-07-20,6512.0,71166.0,19040.0,30456.0,827.0,19040.0,7239.0,31283.0,38114.0,32325.0
683,2020-07-19,5442.0,58080.0,13596.0,19645.0,555.0,13596.0,6007.0,20200.0,32090.0,25425.0
684,2020-07-18,5644.0,57943.0,13644.0,20402.0,616.0,13644.0,6176.0,21018.0,31452.0,25959.0
685,2020-07-17,7616.0,86242.0,22273.0,32077.0,1036.0,22273.0,8391.0,33113.0,46495.0,38972.0
686,2020-07-16,8082.0,91918.0,23396.0,33683.0,1002.0,23396.0,8632.0,34685.0,50503.0,40865.0
687,2020-07-15,8170.0,90313.0,23028.0,36050.0,1014.0,23028.0,8472.0,37064.0,49672.0,40339.0
688,2020-07-14,8380.0,92948.0,23925.0,34576.0,946.0,23925.0,9024.0,35522.0,49403.0,42901.0
689,2020-07-13,8611.0,90932.0,22646.0,34016.0,885.0,22646.0,8834.0,34901.0,48982.0,41727.0
690,2020-07-12,6371.0,65199.0,15554.0,22085.0,726.0,15554.0,6732.0,22811.0,35429.0,29409.0
691,2020-07-11,6508.0,65543.0,15531.0,22704.0,765.0,15531.0,7103.0,23469.0,35675.0,29273.0
692,2020-07-10,7370.0,79351.0,20512.0,31197.0,948.0,20512.0,8179.0,32145.0,41163.0,37379.0
693,2020-07-09,7577.0,81002.0,21682.0,32400.0,1045.0,21682.0,8190.0,33445.0,42642.0,37747.0
694,2020-07-08,7508.0,85164.0,22446.0,32595.0,921.0,22446.0,7941.0,33516.0,45491.0,39240.0
695,2020-07-07,6883.0,83077.0,23110.0,33462.0,792.0,23110.0,8001.0,34254.0,45807.0,36152.0
696,2020-07-06,7381.0,79371.0,20964.0,30016.0,639.0,20964.0,9064.0,30655.0,43385.0,34303.0
697,2020-07-05,4298.0,49190.0,13344.0,17882.0,547.0,13344.0,4839.0,18429.0,28331.0,20318.0
698,2020-07-04,4520.0,53072.0,15035.0,23240.0,901.0,15035.0,5479.0,24141.0,31129.0,20984.0
699,2020-07-03,5284.0,65855.0,19177.0,28550.0,810.0,19177.0,6242.0,29360.0,37683.0,27214.0
700,2020-07-02,6561.0,80828.0,24186.0,35333.0,881.0,24186.0,7879.0,36214.0,45557.0,33953.0
701,2020-07-01,5898.0,74255.0,21347.0,32030.0,903.0,21347.0,7075.0,32933.0,41508.0,31570.0
702,2020-06-30,5633.0,73077.0,21112.0,31464.0,782.0,21112.0,6894.0,32246.0,40634.0,31182.0
703,2020-06-29,5161.0,66037.0,19800.0,28839.0,776.0,19800.0,6315.0,29615.0,36363.0,28520.0
704,2020-06-28,4558.0,55127.0,13904.0,18956.0,572.0,13904.0,5209.0,19528.0,32832.0,21644.0
705,2020-06-27,5087.0,62842.0,15869.0,21926.0,627.0,15869.0,5574.0,22553.0,37461.0,24894.0
706,2020-06-26,7122.0,87060.0,23374.0,33825.0,848.0,23374.0,7796.0,34673.0,50406.0,35980.0
707,2020-06-25,6338.0,78331.0,22428.0,33463.0,829.0,22428.0,7171.0,34292.0,44156.0,33342.0
708,2020-06-24,5587.0,69664.0,20593.0,31603.0,891.0,20593.0,6431.0,32494.0,39242.0,29578.0
709,2020-06-23,5153.0,67406.0,20177.0,30951.0,785.0,20177.0,5988.0,31736.0,38111.0,28460.0
710,2020-06-22,3986.0,56018.0,17012.0,26711.0,602.0,17012.0,5242.0,27313.0,31288.0,23474.0
711,2020-06-21,3833.0,48606.0,12568.0,17468.0,522.0,12568.0,4498.0,17990.0,30136.0,17805.0
712,2020-06-20,4293.0,54164.0,15823.0,22920.0,586.0,15823.0,5090.0,23506.0,32310.0,21057.0
713,2020-06-19,4151.0,56139.0,17432.0,27368.0,778.0,17432.0,5226.0,28146.0,32021.0,23043.0
714,2020-06-18,4043.0,56238.0,17722.0,28744.0,774.0,17722.0,5285.0,29518.0,31270.0,23726.0
715,2020-06-17,4120.0,57697.0,17730.0,28732.0,774.0,17730.0,5339.0,29506.0,31130.0,25348.0
716,2020-06-16,4223.0,59497.0,18184.0,29373.0,755.0,18184.0,5392.0,30128.0,31563.0,26765.0
717,2020-06-15,4120.0,54605.0,16885.0,25642.0,606.0,16885.0,5022.0,26248.0,29669.0,24034.0
718,2020-06-14,2516.0,32827.0,9001.0,13771.0,409.0,9001.0,3234.0,14180.0,18173.0,13936.0
719,2020-06-13,2908.0,37343.0,10319.0,16050.0,445.0,10319.0,3547.0,16495.0,20901.0,15803.0
720,2020-06-12,3443.0,49390.0,15949.0,25767.0,733.0,15949.0,4413.0,26500.0,26715.0,21705.0
721,2020-06-11,3343.0,49806.0,16164.0,26510.0,732.0,16164.0,4557.0,27242.0,26238.0,22354.0
722,2020-06-10,3307.0,48268.0,15566.0,25545.0,718.0,15566.0,4576.0,26263.0,24493.0,22506.0
723,2020-06-09,3161.0,45893.0,14886.0,24423.0,642.0,14886.0,4430.0,25065.0,23395.0,21229.0
724,2020-06-08,1965.0,25697.0,7732.0,12320.0,354.0,7732.0,2578.0,12674.0,13875.0,11209.0
725,2020-06-07,2639.0,33923.0,9120.0,13113.0,389.0,9120.0,3358.0,13502.0,18840.0,14364.0
726,2020-06-06,3181.0,37851.0,9946.0,14413.0,461.0,9946.0,3811.0,14874.0,21285.0,15936.0
727,2020-06-05,3748.0,49662.0,14403.0,22400.0,615.0,14403.0,4924.0,23015.0,26776.0,21710.0
728,2020-06-04,4419.0,54641.0,15166.0,24129.0,607.0,15166.0,5616.0,24736.0,28919.0,24525.0
729,2020-06-03,4293.0,52146.0,14613.0,23622.0,571.0,14613.0,4915.0,24193.0,27760.0,23764.0
730,2020-06-02,4750.0,51793.0,13260.0,20008.0,443.0,13260.0,5134.0,20451.0,28538.0,22871.0
731,2020-06-01,4755.0,53338.0,14056.0,22234.0,556.0,14056.0,5537.0,22790.0,29015.0,23541.0
732,2020-05-31,5393.0,49523.0,10723.0,14271.0,376.0,10723.0,5317.0,14647.0,28719.0,20880.0
733,2020-05-30,4526.0,46497.0,11330.0,17034.0,516.0,11330.0,5015.0,17550.0,25151.0,20857.0
734,2020-05-29,4227.0,55813.0,17965.0,30234.0,800.0,17965.0,5407.0,31034.0,30221.0,24412.0
735,2020-05-28,4385.0,62512.0,19244.0,32490.0,992.0,19244.0,6729.0,33482.0,32069.0,28099.0
736,2020-05-27,4324.0,61905.0,19336.0,32785.0,1012.0,19336.0,6294.0,33797.0,30435.0,29500.0
737,2020-05-26,4246.0,60039.0,19095.0,32241.0,911.0,19095.0,6051.0,33152.0,29378.0,28856.0
738,2020-05-25,3999.0,51001.0,13759.0,21612.0,734.0,13759.0,5580.0,22346.0,26713.0,22707.0
739,2020-05-24,3894.0,50038.0,13990.0,20224.0,592.0,13990.0,5562.0,20816.0,27066.0,21304.0
740,2020-05-23,3354.0,46947.0,13676.0,21553.0,662.0,13676.0,4529.0,22215.0,24287.0,21485.0
741,2020-05-22,4189.0,61533.0,20036.0,34906.0,1163.0,20036.0,6069.0,36069.0,30199.0,29454.0
742,2020-05-21,4614.0,71211.0,22927.0,39396.0,1315.0,22927.0,6761.0,40711.0,36252.0,32812.0
743,2020-05-20,4442.0,69528.0,22092.0,39096.0,1308.0,22092.0,6313.0,40404.0,35139.0,32518.0
744,2020-05-19,4352.0,71769.0,23324.0,38683.0,1132.0,23324.0,6433.0,39815.0,36440.0,33248.0
745,2020-05-18,4359.0,65068.0,21170.0,35766.0,1047.0,21170.0,5966.0,36813.0,33037.0,30424.0
746,2020-05-17,3257.0,48224.0,14471.0,21760.0,689.0,14471.0,4503.0,22449.0,26328.0,20650.0
747,2020-05-16,3278.0,49216.0,15423.0,24221.0,797.0,15423.0,4628.0,25018.0,25736.0,22130.0
748,2020-05-15,3486.0,50278.0,15977.0,27621.0,854.0,15977.0,4696.0,28475.0,25955.0,23113.0
749,2020-05-14,4697.0,74244.0,23202.0,40715.0,1157.0,23202.0,6949.0,41872.0,36945.0,35047.0
750,2020-05-13,4841.0,73069.0,23133.0,39216.0,1183.0,23133.0,6708.0,40399.0,35574.0,35628.0
751,2020-05-12,5110.0,74170.0,23348.0,39781.0,1178.0,23348.0,6840.0,40959.0,37153.0,35287.0
752,2020-05-11,4958.0,70049.0,21589.0,35551.0,1094.0,21589.0,6296.0,36645.0,34519.0,34192.0
753,2020-05-10,3832.0,50105.0,13201.0,19950.0,944.0,13201.0,4818.0,20894.0,25238.0,23881.0
754,2020-05-09,4262.0,57075.0,17247.0,25583.0,864.0,17247.0,5548.0,26447.0,28719.0,27070.0
755,2020-05-08,4541.0,67389.0,22317.0,39380.0,1503.0,22317.0,6724.0,40883.0,32928.0,32278.0
756,2020-05-07,5029.0,75799.0,24517.0,40865.0,1475.0,24517.0,6765.0,42340.0,37911.0,36152.0
757,2020-05-06,5304.0,77034.0,23655.0,42698.0,1981.0,23655.0,7087.0,44679.0,37643.0,37608.0
758,2020-05-05,5365.0,78113.0,24715.0,46505.0,1888.0,24715.0,7183.0,48393.0,38065.0,38230.0
759,2020-05-04,4766.0,68845.0,21977.0,38175.0,1273.0,21977.0,6444.0,39448.0,32889.0,34278.0
760,2020-05-03,4372.0,56349.0,15973.0,23986.0,811.0,15973.0,5587.0,24797.0,28950.0,26184.0
761,2020-05-02,4349.0,57910.0,16551.0,27128.0,1056.0,16551.0,5584.0,28184.0,29021.0,27654.0
762,2020-05-01,5084.0,74460.0,24805.0,45408.0,1809.0,24805.0,6979.0,47217.0,35976.0,36589.0
763,2020-04-30,5495.0,77232.0,25259.0,45405.0,1483.0,25259.0,7173.0,46888.0,37855.0,37699.0
764,2020-04-29,5343.0,78271.0,25641.0,45241.0,1400.0,25641.0,6977.0,46641.0,38330.0,38307.0
765,2020-04-28,5415.0,82396.0,26459.0,44893.0,1411.0,26459.0,7485.0,46304.0,39492.0,40834.0
766,2020-04-27,5033.0,73088.0,25328.0,42571.0,1209.0,25328.0,6832.0,43780.0,34553.0,36736.0
767,2020-04-26,4059.0,55549.0,17386.0,25951.0,921.0,17386.0,5544.0,26872.0,27541.0,26523.0
768,2020-04-25,4153.0,60184.0,18632.0,29172.0,1166.0,18632.0,5741.0,30338.0,29085.0,29511.0
769,2020-04-24,5254.0,85764.0,29603.0,49785.0,1792.0,29603.0,7822.0,51577.0,43003.0,40193.0
770,2020-04-23,5353.0,83168.0,28387.0,48641.0,1662.0,28387.0,8425.0,50303.0,38880.0,41216.0
771,2020-04-22,5428.0,85307.0,28429.0,48952.0,1581.0,28429.0,7908.0,50533.0,39998.0,42829.0
772,2020-04-21,5177.0,81532.0,27100.0,46062.0,1313.0,27100.0,7467.0,47375.0,39108.0,40134.0
773,2020-04-20,5434.0,77181.0,25701.0,43638.0,1316.0,25701.0,7103.0,44954.0,37739.0,37773.0
774,2020-04-19,4411.0,62610.0,18620.0,28926.0,961.0,18620.0,5690.0,29887.0,32982.0,28349.0
775,2020-04-18,5610.0,74787.0,22308.0,35469.0,1315.0,22308.0,7205.0,36784.0,38339.0,34853.0
776,2020-04-17,6382.0,93504.0,30815.0,52780.0,1769.0,30815.0,8548.0,54549.0,44562.0,46776.0
777,2020-04-16,6057.0,92183.0,31354.0,52876.0,1611.0,31354.0,8805.0,54487.0,44087.0,45348.0
778,2020-04-15,6134.0,89967.0,30005.0,49675.0,1532.0,30005.0,8905.0,51207.0,43471.0,43725.0
779,2020-04-14,5441.0,84297.0,28808.0,49402.0,1387.0,28808.0,8156.0,50789.0,39155.0,42427.0
780,2020-04-13,5600.0,81173.0,27876.0,46150.0,1412.0,27876.0,7917.0,47562.0,38172.0,40684.0
781,2020-04-12,4441.0,60742.0,17312.0,27963.0,1256.0,17312.0,5981.0,29219.0,29740.0,29462.0
782,2020-04-11,5413.0,69488.0,20229.0,32620.0,1147.0,20229.0,6447.0,33767.0,33963.0,34491.0
783,2020-04-10,6080.0,86484.0,29139.0,50065.0,1855.0,29139.0,8180.0,51920.0,40720.0,43664.0
784,2020-04-09,6447.0,92725.0,31377.0,54499.0,1574.0,31377.0,9011.0,56073.0,42698.0,47463.0
785,2020-04-08,7734.0,102963.0,33019.0,55527.0,1561.0,33019.0,10065.0,57088.0,47304.0,53328.0
786,2020-04-07,6659.0,97914.0,32916.0,58146.0,1720.0,32916.0,8548.0,59866.0,45830.0,50195.0
787,2020-04-06,7378.0,103491.0,35374.0,58470.0,1618.0,35374.0,9061.0,60088.0,49503.0,52305.0
788,2020-04-05,6143.0,80461.0,23742.0,36713.0,1019.0,23742.0,7386.0,37732.0,40185.0,39033.0
789,2020-04-04,6550.0,80620.0,23299.0,36726.0,1123.0,23299.0,7870.0,37849.0,39416.0,39884.0
790,2020-04-03,7569.0,102333.0,35154.0,57617.0,1610.0,35154.0,9731.0,59227.0,50077.0,50094.0
791,2020-04-02,7957.0,103893.0,34517.0,56954.0,1622.0,34517.0,10117.0,58576.0,49524.0,52209.0
792,2020-04-01,7772.0,108599.0,35452.0,59177.0,1509.0,35452.0,10675.0,60686.0,52007.0,53689.0
793,2020-03-31,7348.0,103847.0,34580.0,59468.0,1630.0,34580.0,9976.0,61098.0,47785.0,53434.0
794,2020-03-30,8238.0,106588.0,35230.0,61160.0,1952.0,35230.0,10551.0,63112.0,49234.0,55041.0
795,2020-03-29,7471.0,89776.0,25814.0,40847.0,1286.0,25814.0,8780.0,42133.0,42836.0,45631.0
796,2020-03-28,6736.0,88499.0,27621.0,44573.0,1414.0,27621.0,8653.0,45987.0,41357.0,45225.0
797,2020-03-27,7464.0,103233.0,35368.0,59180.0,1529.0,35368.0,9527.0,60709.0,47916.0,53254.0
798,2020-03-26,7594.0,110106.0,37173.0,62670.0,2074.0,37173.0,10116.0,64744.0,50421.0,57163.0
799,2020-03-25,7214.0,106653.0,37211.0,61629.0,1452.0,37211.0,9749.0,63081.0,50370.0,53748.0
800,2020-03-24,6831.0,102436.0,35119.0,55704.0,1243.0,35119.0,8916.0,56947.0,48103.0,52248.0
801,2020-03-23,8011.0,105092.0,34696.0,54346.0,1380.0,34696.0,9044.0,55726.0,49060.0,54999.0
802,2020-03-22,7097.0,88522.0,26487.0,41048.0,1190.0,26487.0,7289.0,42238.0,43389.0,44941.0
803,2020-03-21,7504.0,97225.0,31601.0,49274.0,1495.0,31601.0,8201.0,50769.0,48430.0,48098.0
804,2020-03-20,7452.0,82603.0,25663.0,37926.0,1110.0,25663.0,6649.0,39036.0,43499.0,39907.0
805,2020-03-19,9376.0,112003.0,35392.0,52959.0,1185.0,35392.0,8640.0,54144.0,57686.0,55053.0
806,2020-03-18,10819.0,130476.0,41017.0,61616.0,1290.0,41017.0,10088.0,62906.0,67611.0,63596.0
807,2020-03-17,7770.0,92799.0,28608.0,43132.0,867.0,28608.0,7816.0,43999.0,47512.0,45241.0
808,2020-03-16,10607.0,122104.0,38993.0,56120.0,1137.0,38993.0,10573.0,57257.0,60453.0,61685.0
809,2020-03-15,7919.0,94197.0,27190.0,40749.0,1037.0,27190.0,7199.0,41786.0,46073.0,48844.0
810,2020-03-14,8306.0,98065.0,28410.0,40169.0,968.0,28410.0,7625.0,41137.0,50827.0,47919.0
811,2020-03-13,15511.0,167549.0,45463.0,64059.0,1342.0,45463.0,13221.0,65401.0,85075.0,84764.0
812,2020-03-12,17272.0,167380.0,43884.0,55845.0,932.0,43884.0,13218.0,56777.0,88182.0,83252.0
813,2020-03-11,8137.0,84924.0,21579.0,26578.0,465.0,21579.0,5716.0,27043.0,40440.0,46905.0
814,2020-03-10,6334.0,67338.0,15203.0,18846.0,313.0,15203.0,3852.0,19159.0,31018.0,38802.0
815,2020-03-09,5219.0,57424.0,11999.0,14385.0,240.0,11999.0,2874.0,14625.0,26422.0,33347.0
816,2020-03-08,2356.0,27203.0,6316.0,8185.0,140.0,6316.0,1447.0,8325.0,11623.0,16489.0
817,2020-03-07,2770.0,30755.0,7138.0,8964.0,174.0,7138.0,1607.0,9138.0,12796.0,19122.0
818,2020-03-06,2949.0,33825.0,8498.0,10990.0,220.0,8498.0,1770.0,11210.0,13936.0,21068.0
819,2020-03-05,2669.0,30653.0,7327.0,9222.0,182.0,7327.0,1481.0,9404.0,12586.0,19255.0
820,2020-03-04,2347.0,27519.0,6596.0,8159.0,151.0,6596.0,1332.0,8310.0,11003.0,17531.0
821,2020-03-03,2299.0,28112.0,6580.0,7697.0,143.0,6580.0,1334.0,7840.0,11025.0,18052.0
822,2020-03-02,1913.0,24711.0,5595.0,6970.0,114.0,5595.0,1121.0,7084.0,9015.0,16488.0
823,2020-03-01,1157.0,17429.0,3907.0,4550.0,93.0,3907.0,763.0,4643.0,7010.0,10813.0
824,2020-02-29,1879.0,25211.0,5169.0,5775.0,120.0,5169.0,1079.0,5895.0,10946.0,15065.0
825,2020-02-28,2170.0,29256.0,6217.0,7406.0,140.0,6217.0,1142.0,7546.0,13462.0,16822.0
826,2020-02-27,1804.0,24557.0,5009.0,5625.0,95.0,5009.0,899.0,5720.0,9521.0,15941.0
827,2020-02-26,1212.0,17008.0,3551.0,3940.0,61.0,3551.0,629.0,4001.0,6193.0,11398.0
828,2020-02-25,752.0,11874.0,2618.0,2889.0,42.0,2618.0,399.0,2931.0,4062.0,8165.0
829,2020-02-24,505.0,7451.0,1804.0,1973.0,36.0,1804.0,302.0,2009.0,2142.0,5512.0
830,2020-02-23,288.0,4652.0,1077.0,1304.0,21.0,1077.0,176.0,1325.0,1363.0,3401.0
831,2020-02-22,219.0,3936.0,1026.0,1120.0,24.0,1026.0,150.0,1144.0,1142.0,2863.0
832,2020-02-21,237.0,4037.0,1057.0,1270.0,31.0,1057.0,171.0,1301.0,1144.0,2959.0
833,2020-02-20,190.0,3568.0,991.0,1233.0,36.0,991.0,162.0,1269.0,1054.0,2542.0
834,2020-02-19,194.0,3904.0,1114.0,1319.0,23.0,1114.0,159.0,1342.0,1330.0,2609.0
835,2020-02-18,220.0,4675.0,1115.0,1387.0,35.0,1115.0,179.0,1422.0,1359.0,3357.0
836,2020-02-17,187.0,3989.0,1262.0,1414.0,21.0,1262.0,155.0,1435.0,1426.0,2595.0
837,2020-02-16,147.0,3213.0,927.0,1205.0,19.0,927.0,140.0,1224.0,1229.0,1991.0
838,2020-02-15,154.0,3307.0,885.0,1086.0,25.0,885.0,147.0,1111.0,1065.0,2249.0
839,2020-02-14,223.0,4136.0,1066.0,1338.0,45.0,1066.0,186.0,1383.0,1366.0,2807.0
840,2020-02-13,240.0,5079.0,1448.0,1648.0,46.0,1448.0,204.0,1694.0,1725.0,3390.0
841,2020-02-12,256.0,4581.0,1397.0,1514.0,29.0,1397.0,214.0,1543.0,1622.0,3001.0
842,2020-02-11,306.0,5134.0,1509.0,1613.0,27.0,1509.0,210.0,1640.0,1702.0,3528.0
843,2020-02-10,331.0,4687.0,1052.0,1131.0,38.0,1052.0,195.0,1169.0,1260.0,3563.0
844,2020-02-09,226.0,4101.0,861.0,944.0,21.0,861.0,158.0,965.0,919.0,3250.0
845,2020-02-08,318.0,5295.0,1016.0,1170.0,32.0,1016.0,222.0,1202.0,1286.0,4105.0
846,2020-02-07,423.0,5656.0,1264.0,1566.0,46.0,1264.0,271.0,1612.0,1389.0,4419.0
847,2020-02-06,284.0,4613.0,982.0,1083.0,27.0,982.0,181.0,1110.0,900.0,3816.0
848,2020-02-05,129.0,2883.0,781.0,903.0,20.0,781.0,104.0,923.0,446.0,2462.0
849,2020-02-04,385.0,4825.0,1247.0,1446.0,43.0,1247.0,184.0,1489.0,1235.0,3791.0
850,2020-02-03,398.0,5403.0,1373.0,1542.0,42.0,1373.0,213.0,1584.0,1350.0,4238.0
851,2020-02-02,478.0,6318.0,1460.0,1755.0,28.0,1460.0,219.0,1783.0,1823.0,4754.0
852,2020-02-01,438.0,6589.0,1602.0,1783.0,42.0,1602.0,266.0,1825.0,2108.0,4653.0
853,2020-01-31,632.0,9270.0,2046.0,2339.0,46.0,2046.0,380.0,2385.0,2850.0,6672.0
854,2020-01-30,736.0,9647.0,2162.0,2478.0,40.0,2162.0,365.0,2518.0,2946.0,7072.0
855,2020-01-29,780.0,9195.0,2325.0,2286.0,42.0,2325.0,382.0,2328.0,2838.0,6755.0
856,2020-01-28,421.0,6131.0,1333.0,1409.0,33.0,1333.0,258.0,1442.0,1746.0,4548.0
